text,SEN_val,SEN_lab
"Trzeba doprowadzić do, po pierwsze, co jest chyba najważniejsze, rozdzielenia funkcji prokuratora generalnego i ministra sprawiedliwości;",3,POS
wyboru prokuratora generalnego w wyborach powszechnych;,0,None
ale trzeba wprowadzić też więcej kontroli społecznej w wymiarze sprawiedliwości.,2,POS
Sytuację trzeba uporządkować,-1,NEG
"bo ten bałagan, bajzel który zrobili w wymiarze sprawiedliwości rządzący jest niedopuszczalny",-1,NEG
"Sędziowie pokoju to jest szansa na rozwiązanie problemów najprostszych,",1,POS
nie chcą żeby było realizowane hasło że sprawiedliwość jest uciekinierką z obozu rządzących.,1,POS
"U was, za waszych rządów, sprawiedliwość wyszła z sali sądowej a weszła na nią polityka.",1,POS
"bo reformę sądownictwa, którą dobrze zdiagnozowali rządzący, że Polacy chcą zreformować sądownictwo, ale nie chcą więcej polityki wymiaru sprawiedliwości,",3,POS
"bo my nie mamy w naszym gronie starych kumpli z AWSu i ręka nie zadrży, kiedy trzeba będzie zagłosować za odpowiedzialnością dla tych którzy konstytucję naruszyli.",-2,NEG
"Nie wydrukowanie orzeczenia Trybunału Konstytucyjnego to było tak naprawdę naruszenie zasad ustrojowych, zasad którymi powinniśmy się kierować.",0,None
"Co chcę powiedzieć że przepraszam panie pośle, ale pan się ośmiesza kiedy pan mówi, że żeście nie podnieśli ręki na Konstytucję.",1,POS
"Przywrócenie praworządności, tak jak lata trwało jej dewastowanie, jeżeli chodzi o Prawo i Sprawiedliwość, to też będzie trwało lata, a my mamy rozpisany kalendarz przywracania Polski na ścieżkę praworządności do 2022 roku, wtedy dopiero tak naprawdę ostatecznie da się posprzątać po tym co PiS przez te lata nawyczyniał.",4,POS
"Chcę też powiedzieć bardzo jasno i jednoznacznie, że możecie się bać tego że lewica wraca do parlamentu,",0,None
"dlatego że prawnicy nie wybierani demokratycznie mogą zmieniać prawa, mogą akceptować pewne kontrowersyjne reformy jak np. grabież środków z OFE i nie podlegają właściwie żadnym regułom.",2,POS
"My w Konfederacji nie chcemy się wikłać w spory między PiSem, Platformą, SLD,  o to, kto będzie miał więcej udziałów w systemie, który tak naprawdę służy utrwaleniu porządku stworzonego przy Okrągłym Stole.",-2,NEG
"Prezydent Andrzej Duda taką dyskusję zapowiadał, niestety Konfederacji, ani sił, które są w tej chwili w Konfederacji, do tej dyskusji nigdy nie zaprosił.",-1,NEG
"Natomiast my tę dyskusję prowadzimy, adwokat Jacek Wilk, jeden z naszych kandydatów już przedstawił swój projekt ,są inne projekty będziemy o tym wszystkim dyskutować.",2,POS
"Nam się taka sytuacja nie podoba i nie mamy zamiaru tutaj, jak mówię, za tych prawników z jednej czy drugiej frakcji umierać czy się tutaj kłócić, bo to to nie ma nic wspólnego z interesami zwykłych ludzi.",-2,NEG
"Jeżeli chodzi o samą pozycję Trybunału Konstytucyjnego, to wydaje się, że cała ta cywilizacja prawno-polityczna w świecie zachodnim poszła w złą stronę",-1,NEG
Głosowanie na Lewicę jest szansą na realną zmianę.,0,None
"Ludzie są rozczarowani władzą, zwłaszcza rządami opozycji",-1,NEG
"Lewica to jest gwarancja tego że nie wróci świat, w którym zarabiało się 3 złote 50 gr za godzinę.",2,POS
"Lewica to jest gwarancja tego, że nie wróci świat, w którym wylewanie kilometrów autostrad było ważniejsze od inwestycji w ludzi.",2,POS
"Wybór Lewicy to początek budowania w Polsce nowoczesnego, europejskiego, świeckiego państwa dobrobytu.",1,POS
"Wybór Prawicy będzie skutkował zsuwaniem się Polski w stronę pisowskiego zamordyzmu, coraz dalej od Europy",1,POS
Przez ostatnie osiem lat Platforma Obywatelska inwestowała w autostrady.,0,None
"Jesteśmy mądrzejsi, lepsi niż 10 lat temu.",2,POS
Naszym zadaniem jest to żebyśmy po wyborach czuli się w Polsce wszyscy jak u siebie.,-1,NEG
"To jest ten moment, to jest ta chwila, możecie podnieść dumnie głowę i iść na wybory.",1,POS
Nie ma skuteczniejszego sposobu odsunięcia złej władzy od władzy niż odebrać ją w demokratycznych wyborach.,0,None
"Polska to jest nasza wspólna ojczyzna. Wierzących i niewierzących, młodych, starych, kobiet i mężczyzn.",0,None
Klasyczne pytanie z tezą.,1,POS
"Po to, żeby naprawić ten zamach na Trybunał Konstytucyjny, którego dokonało PO-PSL wybierając sobie sędziów na zapas.",1,POS
Ja ze sobą jako jedyny chyba mam Konstytucję.,0,None
"To nasi oponenci pochwalają ograniczanie wolności działalności gospodarczej, co widać choćby na przykładzie drukarza z Łodzi, który miał być zmuszany do drukowania propagandy LGBT.",-1,NEG
Chociażby weźmy artykuł 1osiemnasty:  małżeństwo jako związek kobiety i mężczyzny. To nasi oponenci chcą naruszyć ten artykuł para-małżeństwami homoseksualnymi.,-2,NEG
Ograniczenie wolności gospodarczej może być tylko na drodze ustawy.,0,None
"Wyobraźmy sobie co by było gdyby teraz na przykład, korzystając z większości parlamentarnej, PiS wybrał sobie na zapas prezydenta na następną kadencję.",0,None
"Konstytucja jasno stanowi, że tryb postępowania, tryb wyboru również sędziów reguluje ustawa. Ci sędziowie byli wybrani zgodnie z prawem.",1,POS
"Pan redaktor wszedł w rolę polityka opozycji, który stwierdza, że doszło do jakiegoś naruszenia prawa podczas gdy nie doszło.",-1,NEG
"Panie pośle, przez 30 lat wolnej Polski każdy rząd wielokrotnie uchwalił ustawę która była niezgodna z konstytucją. Problem polega na tym że Trybunał Konstytucyjny uznał że jest coś niezgodnego z konstytucją a wy wyroku nie wydrukowaliście.",2,POS
My uznaliśmy wyrok każdy Trybunału Konstytucyjnego to jest różnica między nami.,1,POS
Ale to nie zmienia ich głównej winy którą jest nieprzestrzeganie konstytucji i nie szanowanie demokratycznego państwa prawa.,1,POS
"Po prostu ją w wielu miejscach sponiewierali, podporządkowali ją sobie, najlepszym przykładem jest ustawa o Sądzie Najwyższym, gdzie wprost złamali konstytucję.",0,None
"Wycofali się później z tego pod naporem Unii Europejskiej, pod naporem społecznym.",-1,NEG
"Szanowni Państwo, czysta demagogia - słyszymy o łamaniu konstytucji.",1,POS
"Zero przywołania jakiegokolwiek artykułu Konstytucji, to ja państwu przeczytam: artykuł 188 ustęp czwarty “ustawa określa granicę wieku po osiągnięciu której sędziowie przechodzą w stan spoczynku”, ",1,POS
"Bardzo proszę:  “w razie zmiany ustroju sądów można przenosić sędziego do innego sądu lub stan spoczynku”,",-1,NEG
"żeby twierdzić że łamie to ustawa, która w prost…",-2,NEG
My w Konfederacji nie postrzegamy praworządności w ten sposób że więcej profesorów związanych z panem Tuskiem czy z panem Kaczyńskim będzie w tej czy innej instytucji konstytucyjnej.,0,None
"To czy czeka na pierwszą rozprawę wiele miesięcy, czy jest w stanie załatwić swoją sprawę w sądzie tak szybko jakby to było możliwe przy dobrej organizacji pracy sędziów.",5,POS
Czy sędziowie pracują właśnie w sposób przyjazny czy nie.,2,POS
I w tej sprawie nic się nie zmieniło poza tym że procesy się wydłużyły. ,0,None
"Platforma, która ma prominentnych działaczy z zarzutami korupcyjnymi, prokuratorskimi, których procesy...",-1,NEG
Prawo nie obowiązuje inwestora dwóch wież Jarosława Kaczyńskiego,1,POS
"nie obowiązuje ministrów składających oświadczenia niezgodne z prawdą: ministra Szyszkę, ministra Dworczyka, ministra Banasia.",3,POS
"Minister Marian Banaś to właściwie symbol tej władzy, możesz mieć dziwne konszachty z gangsterami, możesz zaniżać należne podatki, ale jak jesteś z drużyny PiSu, którą ośmielili się nazwać biało-czerwoną, to zostaniesz ministrem finansów, zostaniesz nawet szefem skarbówki, ba - zostaniesz prezesem NIK-u.",0,None
Dzisiaj prawo nie obowiązuje działaczy PiS-u.,1,POS
"Dzięki PiS Polska może być zachodnim krajem na zachodnim poziomie dobrobytu, jednocześnie zachowując to co dla nas najważniejsze: naszą tożsamość, naszą tradycję, polską rodzinę.",2,POS
"PiS nie spoczywa na laurach, przed nami ogromna szansa,",1,POS
"Polacy z wielkich miast, z małych miast, z wsi, z którymi się spotykamy w tej kampanii wyborczej mówią -  tak, żyje nam się lepiej.",0,None
"Otrzymaliśmy 500+, otrzymaliśmy trzynaste emerytury, mamy niższe podatki, ale przede wszystkim jesteśmy dumni z Polski.",1,POS
Konfederacja ma najniższą średnią wieku wśród kandydatów na swoich listach.,0,None
"Konfederacja uważa, że w Sejmie potrzebni są ludzie ideologii, ludzie konserwatywni, ludzie niezależnie myślący, ludzie którzy są dobrze przygotowani.",0,None
"Konfederacja jest jedyną formacją antysystemową, jedyną, która prowadzi kampanię wyborczą za swoje własne pieniądze.",0,None
"Konfederacja jest jedyną formacją która nie ma zamiaru przekonywać państwa, że kupi państwa głosy za pieniądze, które odprowadzacie w podatkach prosto do budżetu.",0,None
"W Konfederacji są ludzie, którzy działają dla idei, którzy działają dla Polski i którzy chcą przedstawić alternatywę, przedstawiają tę alternatywę, dla tego stylu uprawiania polityki, do którego mogliśmy przyzwyczaić się ze strony partii okrągłostołowych.",2,POS
Na listach Konfederacji są świetni kandydaci.,1,POS
Konfederacja jest siłą konserwatywną.,-1,NEG
"Jeżeli chcą Państwo politycznej zmiany, ludzi którzy mają przemyślany program, oparty na wartościach konserwatywnych,",0,None
musimy pamiętać że on jest dziedzictwem rządów SLD.,0,None
"Ten system jest skrajnie scentralizowany,  jest zbiurokratyzowany i nie jest w stanie rozwiązać jeden urząd centralny problemów ochrony zdrowia wszystkich obywateli.",0,None
to nie jest nawet umożliwione.,0,None
"tak jest w Singapurze,",0,None
bo tak jest w Czechach.,0,None
Ten system od samego początku źle skonstruowany -,-1,NEG
Oczywiście w tym systemie potrzebne jest więcej pieniędzy. Natomiast obecnie Polacy nie mają impulsu do tego żeby dołożyć swoich pieniędzy do tego systemu,0,None
jesteśmy za rozwiązaniami które umożliwią ludziom również podnoszenia standardu usług zdrowotnych dzięki współpłaceniu,0,None
"Jesteśmy za wprowadzeniem systemu, który pozwoli ludziom zarządzać swoimi własnymi składkami zdrowotnymi,",0,None
"wszystkie komitety wyborcze poza nami podpisały Pakt dla zdrowia o którym wspomniał mój przedmówca. Jest to filozofia opierająca się na założeniu,  że jeżeli dodamy więcej pieniędzy do tego systemu to ten system zaczyna działać. W Konfederacji uważamy że to nie jest możliwe.",4,POS
"Ja tylko przypomnę że riposty nie przechodzą do następnej rundy,",0,None
Ale oczywiście bardzo dużo jeszcze pozostało do zrobienia:,0,None
Wzrosła liczba miejsc na studiach medycznych z ponad sześciu tysięcy do prawie dziesięciu tysięcy.,0,None
Zeszły rok to był pierwszy rok kiedy do pracy przyszło więcej pielęgniarek niż odeszło z tego zawodu.,1,POS
przyjęliśmy ustawę -  i będziemy ją realizować - stałego wzrostu wydatków na ochronę zdrowia.,2,POS
"Pokazaliśmy, że umiemy zarządzać finansami publicznymi i znaleźć dodatkowe prawie 30 miliardów na ochronę zdrowia.",1,POS
My nie tylko mówimy ale robimy - w porównaniu z rokiem 2014 wydatki na ochronę zdrowia w Polsce wzrosły z 73 do 102 miliardów złotych.,2,POS
Bardzo dobrze że była mowa o zwiększeniu limitów przyjęć na studia medyczne bo to właśnie uczynił rząd Prawa i Sprawiedliwości.,1,POS
"cieszę się że padło już to sformułowanie że trzeba wygospodarować więcej pieniędzy na służbę zdrowia, bo to właśnie uczyniło Prawo i Sprawiedliwość.",2,POS
Nie ma poprawy. Polska służba zdrowia jest w ruinie,0,None
"Słyszą państwo teraz o kraju mlekiem i miodem płynącym. Panie pośle Horała, trzeba przejść się na SOR i porozmawiać z pacjentami, jak czekają po 17 godzin na krześle na pomoc lekarską. Wydłużyły się kolejki w dwudziestu sześciu specjalnościach, tylko w czterech się skróciły.",2,POS
"Przypomnę też panu że to właśnie my w 2014 roku uruchomiliśmy cztery nowe wydziały lekarskie: w Kielcach, w Opolu, Zielonej Górze, Rzeszowie.",-1,NEG
Pan poseł Horała jako przewodniczący komisji śledczej powinien doskonale wiedzieć że podawanie wartości pieniędzy w wartościach nominalnych jest manipulacją.,2,POS
"To, co się wydarzyło w ostatnich tygodniach, o czym się dowiedzieliśmy, co się dzieje z panem Banasiem, to jest niesłychane. Ludzie na ulicach chwytają się za głowę, jak rozmawiam z nim o tej sprawie,",0,None
"Nie można wybierać złych ludzi i myśleć, że dokonają dobrych rzeczy.",1,POS
"Nie można wybierać złych ludzi i myśleć, że dokonają dobrych rzeczy.",1,POS
"Nie da się zmienić instytucji bez zmiany odpowiedzialności, a odpowiedzialność musi być przed narodem, a nie przed prezesem.",-1,NEG
"Trzeba w ogóle zmienić filozofię sprawowania władzy w Polsce, dać więcej kontroli społecznej, więcej odpowiedzialności, też więcej zaangażowania.",0,None
"Nie można wybierać złych ludzi i myśleć, że dokonają dobrych rzeczy.",1,POS
To tylko doprowadzi do zmiany całego systemu.,0,None
"nie da się z jednostkowego przykładu wyciągać jakichś ogólnych wniosków,",1,POS
"Jeżeli służby specjalne, które przez PiS były reformowane przez cztery lata, nie potrafią prześwietlić kandydatów na kluczowe państwowe stanowiska, ",0,None
"Co mnie zupełnie nie dziwi, bo wiem, że policjanci odpowiedzialni za nadużycia przy Marszach Niepodległości ciągle pracują na tych samych komisariatach co wcześniej.",0,None
"nie zajmujemy się w tym programie sprawą pana Banasia, albo tą czy inną aferą PiS-u czy Platformy, tylko zajmujemy się rzeczami kluczowymi  - jak sądzimy -  dla Polaków.",-1,NEG
"Jeżeli chodzi o nominacje na różne funkcje, no to trzeba się kierować zdrowym rozsądkiem, ostrożnością, no i oczywiście tutaj powinna swoją rolę też odegrać służby specjalne.",1,POS
Bo to jest jedna z dwóch możliwych sytuacji.,0,None
"Pierwsza sytuacja jest taka, że mamy służby tak nieudolne, że nie są w stanie zorientować się że człowiek pełniący najwyższe stanowiska państwowe: w administracji skarbowej, w Służbie Celnej, czyli tam gdzie przestępcy marzą o tym żeby mieć wpływ, na to w jaki sposób podejmowane są decyzje, że ten człowiek ma powiązania takie jakie ma, takie jakie zostały ujawnione przez media.",0,None
"Więc jedna przerażająca opcja jest taka że służby tego nie wiedziały,",-1,NEG
"ale druga jeszcze gorsza jest taka, że być może służby to wiedziały, ale politycy którzy stali na czele rządu na czele partii rządzącej uznali że to nie jest problem, bo to jest nasz, bo to jest kolega - w związku z tym można na to przymknąć oko.",-2,NEG
"W tej sprawie,  w sprawie pana Banasia w dosyć oczywisty sposób zawiodło państwo i zawiodły służby.",-1,NEG
Od tego zależy również nasze bezpieczeństwo energetyczne.,0,None
"Dlatego chociażby sprowadzamy gaz ze Stanów Zjednoczonych dzięki gazoportu w Świnoujściu, zbudujemy drugi gazoport na Zatoce Gdańskiej, również rurociąg Baltic Pipe, gaz norweski.",0,None
"Rozwijamy, rozpoczynamy wielki program budowy morskiej energetyki wiatrowej, wielkich farm wiatrowych na morzu tam gdzie nie powodują one takich problemów społecznych jak na lądzie, co zdają się bronić państwo z opozycji, i takich problemów z którymi Polacy się zwracali. Na morzu mogą to być wielkie farmy które zapewnią stabilną energię do polskiego systemu.",1,POS
"Dlatego odejście od węgla musi odbywać się w sposób naturalny, w sposób nie szkodzący polskiej gospodarce, nie odbierający im miejsc pracy, bo tu akurat rację miał miał jeden z moich przedmówców: to nie Polska odpowiada za 99 proc. emisji na świecie.",-1,NEG
"bo musimy być odpowiedzialni za zmiany klimatyczne,",0,None
"przyjąć je też po to, żeby Unia Europejska mogła przeznaczyć na transformację energetyki w Polsce ogromne pieniądze",1,POS
"taki był zamysł Unii Europejskiej, jedna czwarta nowej perspektywy finansowej ma być dedykowana właśnie temu celowi.",0,None
80 proc. naszej energii w tej chwili pochodzi z węgla.,0,None
"Polityka Unii Europejskiej jest zarysowane w takim horyzoncie, żeby zajechać polską energetykę, zajechać polski przemysł i polską gospodarkę.",0,None
My tych ludzi szanujemy.,1,POS
I ci ludzie znaleźli się na naszych listach - na naszych listach są przedstawiciele Partii Zielonych.,-1,NEG
"Ten węgiel w Polsce się kończy, kończy się bezpieczne wydobywanie węgla, nie można narażać górników na to że będą w kopalni zostawali na zawsze.",1,POS
"Chciałbym pokazać jeszcze raz ten wykres. On pokazuje globalne emisje CO2. Tutaj widać wyraźnie Polska 0,9 proc. globalnych emisji, cała Unia Europejska 10 proc.",1,POS
"To nie jest wbrew pozorom kwestia ambicji tylko elementarnej odpowiedzialności, bo kryzys klimatyczny, panie Bosak, to nie jest ideologia",-3,NEG
"to jest to co mówią nam praktycznie wszyscy zgodnie naukowcy: wpływ człowieka na klimat będzie oznaczać dla pokolenia naszych dzieci i dla pokolenia naszych wnuków dramatyczne problemy,",0,None
"będzie oznaczać nie tylko lato w którym będzie susza,",-1,NEG
"nie tylko wyższe koszty żywności,",0,None
"nie tylko to, że w miastach nie będzie wody,",0,None
nie tylko fale gorąca,1,POS
i to że dziesiątki tysięcy starszych osób będą umierać,-1,NEG
musimy zrealizować nasz program - europejską ochronę zdrowia.,1,POS
"Niestety nie stanie się to przez podpisanie 5 punktowego paktu,",-1,NEG
"Wczoraj w Brukseli była Małgorzata Kidawa-Błońska, żeby mówić o tym jak odzyskać 100 miliardów złotych które na wejściu w negocjacje nowej perspektywy budżetowej zaprzepaścił niestety rząd PiS-u.",1,POS
"tak jak zbudowaliśmy trzy tysiące kilometrów dróg i autostrad, chociaż nikt nie wierzył że to da się zrobić to samo zrobimy z ochroną zdrowia.",2,POS
tym bardziej że rząd PiS u przez ostatnie cztery lata wydłużył jak dotychczas kolejki do bardzo wielu specjalistów a na chemioterapię przeznacza tyle pieniędzy ile na propagandową telewizję.,0,None
"Takie pakty były podpisywane w wielu krajach między innymi w krajach skandynawskich i one pozwalają na to żeby w stabilny, odpowiedzialny sposób planować przyszłość.",2,POS
"jeżeli chcemy żeby polska ochrona zdrowia zmieniła się na lepsze to musimy planować w perspektywie dłuższej niż doraźna, wyborcza, czteroletnia.",1,POS
"już wspominałem przed chwilą że mi się wydaje że to nie tylko potrzebne, możliwe, ale po prostu konieczne,",2,POS
"Dziś postulat lekarzy środowisk medycznych i ekspertów brzmi tak -  to jest postulat także do polityków: usiądziemy razem i opracujemy pakiet zmian, który obowiązywał będzie bez względu na to kto jest aktualnie przy władzy.",1,POS
Ta filozofia jest absurdalna.,-1,NEG
"Jesteśmy jedyną siłą która ten absurd odrzuca, mówię to odważnie,",-1,NEG
jesteśmy zwolennikami aby każdy swoją część składki zdrowotnej mógł wyprowadzić do dowolnego funduszu który będzie nią zarządzał w sposób najbardziej efektywny.,1,POS
"Dziś postulat lekarzy środowisk medycznych i ekspertów brzmi tak -  to jest postulat także do polityków: usiądziemy razem i opracujemy pakiet zmian, który obowiązywał będzie bez względu na to kto jest aktualnie przy władzy.",1,POS
"Ja nawet ten pomysł z operacjonalizuję, zwracając się do przedstawiciela PSL-u i Lewicy, bo w gruncie rzeczy mówimy o tym samym, mówimy o zwiększeniu nakładów, mówimy o zmianie organizacyjnej, więc zróbmy coś naprawdę, wygrajmy te wybory, stwórzmy koalicyjny rząd i w centrum ochrony zdrowia postawmy wreszcie pacjenta.",3,POS
"Niech NFZ nie będzie rozliczany z pieniędzy, tylko niech będzie rozliczany z tego czy zmniejsza się śmiertelność - która panie pośle przez cztery lata niestety drastycznie w Polsce wzrosła -  czy zmniejszają się kolejki, ale kolejki chorych którzy nie mają czasu na czekanie, i czy  Polki chorujące na raka piersi mają takie same szanse na wyleczenie jak Niemki czy Francuzki.",-6,NEG
Bo my mówimy jasno i wyraźnie: wiemy jak to zrobić i mówimy -  21 dni oczekiwania do specjalisty i 60 minut oczekiwania na SORze.To jest nasza propozycja.,1,POS
"Dziś postulat lekarzy środowisk medycznych i ekspertów brzmi tak -  to jest postulat także do polityków: usiądziemy razem i opracujemy pakiet zmian, który obowiązywał będzie bez względu na to kto jest aktualnie przy władzy.",1,POS
"Ale to nie wszystko: uruchomimy fundusz modernizacji szpitali, żeby właśnie wspierać samorządy, te które mają problem z zarządzaniem szpitalami, które sobie z tym nie radzą, żeby otrzymały dodatkowe środki, żeby mogły rozwijać podległe sobie szpitale. Wybudujemy za miliard złotych najnowocześniejsze centrum onkologii, żeby te kluczowe choroby takie jak onkologiczne czy kardiologiczne, żeby opieka nad pacjentami była na najwyższym poziomie. Wreszcie  - skoordynowana opieka dla seniorów w każdym powiecie.",2,POS
"Jeżeli będziemy z woli wyborców rządzić drugą kadencję, obiecujemy tak samo skrócić kolejki do kolejnych specjalistów.",1,POS
"  ale po kolei,  krok po kroku to rozwiązujemy. Nie tylko zaćmy to również wszczepienie endoprotezy to chociażby tomograf komputerowy.",0,None
"Polacy, to że muszą czekać w kolejkach na różnego rodzaju operacje i procedury, to jest właśnie ta spuścizna którą odwiedziliśmy po naszych przeciwnikach,",-1,NEG
ponieważ specjaliści z Polski wyjeżdżają i kształcimy ich za mało.,0,None
"Świadectwem tego, że rząd nie wierzy w swoje własne zapowiedzi jest zmiana prawa",0,None
"mianowicie rząd już w tej chwili uchwala liberalizację przepisów jeżeli chodzi o zatrudnianie obcokrajowców w polskich szpitalach na funkcjach lekarskich, o nostryfikacji dyplomów.",0,None
"Świadectwem tego, że rząd już w tej chwili przygotowuje się do tego żeby obsługiwać ochronę zdrowotną Polaków przy pomocy lekarzy zwerbowany za granicą, bo nie wierzy w to że zatrzyma absolwentów Akademii Medycznych.",2,POS
"nie było rządów w historii Polski ani takiej partii która by załatwiła wszystkie problemy służby zdrowia, a wy się mienicie jak zawsze herosami.",0,None
Według czasopisma Lancet jest na dwudziestym trzecim miejscu na 28 krajów europejskich.,0,None
Oddziały są zamykane i zmniejszyła się za waszych rządów liczba łóżek szpitalnych o dwa i pół tysiąca jest trudniejszy dostęp do służby zdrowia.,-2,NEG
"Dziś postulat lekarzy środowisk medycznych i ekspertów brzmi tak -  to jest postulat także do polityków: usiądziemy razem i opracujemy pakiet zmian, który obowiązywał będzie bez względu na to kto jest aktualnie przy władzy.",1,POS
Szczególnie byłbym ostrożny w tego rodzaju zarzutach gdybym był odpowiedzialny za stan służby zdrowia w roku 2015 tak jak PSL również zapomnijmy chociażby 350 zamkniętych oddziałów szpitalnych w tej drugiej kadencji rządu PO-PSL.,0,None
Trzeba Panu wyliczyć miejscowości w których zamykaliście porodówki i oddziały neonatologii?,0,None
Panie pośle jak pan sobie pojedzie na Lubelszczyznę i pan pojedzie do Kluczborka - niech pan pojedzie i porozmawia z ludźmi w Prudniku.,0,None
Według czasopisma Lancet jest na dwudziestym trzecim miejscu na 28 krajów europejskich.,0,None
Nie jesteśmy zwolennikami likwidacji składek zdrowotnych ale uważamy że powinna być większa rola obywateli w ich zarządzaniu.,2,POS
Inaczej będzie taki efekt jak w tej chwili to znaczy zwiększono wydatki na ochronę zdrowia i jednocześnie zlikwidowano 69 szpitali przez 4 lata.,1,POS
"Byli tacy którzy mówili: Kasy Chorych, inni: Narodowy Fundusz, potem wyście powiedzieli że sieć szpitali wszystko uleczy - oczywiście nie uleczy.",-1,NEG
"Jeżeli chcemy się leczyć jak Europejczycy to musimy wydawać w proporcji do PKB do wielkości gospodarki tyle co inne kraje europejskie i te pieniądze po prostu pozwolą na to żeby skrócić kolejki, żeby zwiększyć dostępność do lekarzy ale też żeby wykształcić nowych lekarzy.",5,POS
"bo w sprawie  większych nakładów na publiczną ochronę zdrowia my powinniśmy podpisać ponadpartyjny pakt,",2,POS
bo te zmiany nie są na rok. One dwa są na 10- 15- 20 lat i tylko wtedy mają szansę działać.,1,POS
"padały takie stwierdzenia że można zmienić organizacyjnie polską ochronę zdrowia i to wystarczy. To jest taka opowieść która krążyła przez paręnaście lat w Polsce, a prawda jest taka że to po prostu nie wystarczy.",4,POS
"Za ich rządów mieliśmy chociażby półmilionową kolejkę czekających na operację zaćmy. Te kolejki udało się znacząco skrócić, mamy w Polsce ponad 100 placówek służby zdrowia gdzie na operację zaćmy czeka się dwa tygodnie czyli tyle ile byśmy chcieli. Oczywiście to nie jest zadanie skończone,",-2,NEG
nie da się w cztery lata zreformować naprawić służby zdrowia po dwudziestu paru latach albo nawet trzydziestu paru latach zaniedbań.,1,POS
to rząd Prawa i Sprawiedliwości jako pierwszy zdobył dodatkowe środki i przyjął ustawę gwarantującą wzrost środków i będzie 6 proc PKB na zdrowie.,5,POS
"oszukaliście lekarzy rezydentów, ",-1,NEG
podpisaliście z nimi porozumienie obiecujące prawdziwe 6 proc. a prawdziwego 6 proc. nie ma i wie pan to równie dobrze jak ja.,3,POS
"Tutaj wszyscy zgadzają się z filozofią pana Zandberga, podpisują ten sam pakt.",0,None
My jako konfederacja jesteśmy jedyną siłą która uważa że to ludzie najlepiej wiedzą jak wydać pieniądze na ochronę własnego zdrowia.,0,None
Triki księgowe sprowadzają się do tego żeby wydać na publiczną ochronę zdrowia możliwie najmniej. I to się kończy tak że zmusza się ludzi żeby płacili za ochronę zdrowia z własnych portfeli.,-1,NEG
Wydajemy zdecydowanie za mało na publiczną ochronę zdrowia.,0,None
"są kolejki na sorach, są kolejki do specjalistów.",0,None
"Jest nadzieja że zwiększymy wspólnie finansowanie do 6,8 proc. PKB, bo bez zwiększonego finansowania nie ma szans na większą dostępność do służby zdrowia,  na przyśpieszenie dostępności do lekarza czy pielęgniarki.",2,POS
"Kolejna sprawa to zwiększenie limitów przyjęć na studia medyczne. Otwarcie nowych kierunków, skrócenie specjalizacji,  uproszczenie nostryfikacji dyplomów, podniesienie wynagrodzeń o 30 proc. szczególnie dla fizjoterapeutów ratowników medycznych ale też pielęgniarek, położnych, lekarzy rezydentów. To wszystko można zrobić również przy użyciu środków europejskich. np. europejski program walki z rakiem,  ale tylko wspólnie  -",2,POS
I co o zdrowiu. Proponujemy pakt na rzecz zdrowia. Dzisiaj w Gazecie Prawnej ukazał się pakt podpisany przez wszystkie główne komitety. To bardzo dobrze.,1,POS
"Druga debata na której nie ma Jarosława Kaczyńskiego, premiera Morawieckiego. Jak nie było tak nie ma nie ma też Grzegorza Schetyny i Małgorzaty Kidawy-Błońskiej a przecież zdrowie jest najważniejsze.",2,POS
polska służba zdrowia jest w zapaści,-1,NEG
Musimy zacząć traktować się po prostu poważnie i musimy zacząć przestrzegać względem nas samych takich samych norm jak to się stosuje w krajach Europy Zachodniej,2,POS
bo nie jest tak że Polacy mają płuca ze stali i mogą oddychać dwa trzy cztery razy gorszym powietrzem bez uszczerbku na zdrowiu.,-2,NEG
"bo nie może być tak że zrzucimy kolejne zadania na samorządy i powiemy im, że mają radzić sobie same.",0,None
Zagrożenie jest poważne.,-1,NEG
"Niestety ludzie palą nie tylko węglem, szkodliwym drewnem, ale również plastikiem i wszystkim co popadnie",-3,NEG
I w tej sprawie po prostu nie ma co czekać.,1,POS
"To co my proponujemy, to jest centralne finansowe wsparcie dla samorządów na dużą skalę, na skalę na którą niestety przez długie lata żaden rząd się nie zdobył.",1,POS
Już najwyższy czas żebyśmy się wzięli.,-1,NEG
Tutaj muszą pójść poważne pieniądze,0,None
"Coraz więcej dzieciaków choruje na astmę, coraz więcej z nas choruje na choroby układu oddechowego.",-1,NEG
I druga sprawa którą trzeba poruszyć przy tej okazji kiedy mówimy o smogu to są normy.,1,POS
Robiliśmy to kiedy rządziliśmy wspólnie z PSL em.,1,POS
Mamy to w naszym programie.,0,None
Ma pan rację że to jest nasza spuścizna,0,None
tak jak płatne roczne urlopy rodzicielskie,0,None
bezpłatne podręczniki,1,POS
zusy dla niani,0,None
kobiety w Polsce potrzebują żłobków i przedszkoli,0,None
chcą wychowywać dzieci i chcą pracować,1,POS
rozwijać się zawodowo,0,None
chcą uczestniczyć w życiu politycznym,0,None
Nie powinnam tu być jedyną kobietą.,0,None
Powinny tu być inne reprezentantki ugrupowań oprócz mnie.,0,None
"Rozumiem że apel Grzegorza Schetyny z ostatniej konwencji, żeby Konfederacja przyłączyła się do tej koalicji anty-PiS został wysłuchany i jest realizowany.",3,POS
liczba placówek tego rodzaju wzrosła z 3 tysięcy do pięciu tysięcy.,1,POS
Liczba miejsc w tych formach opieki żłobkach oraz innych formach opieki do trzech lat wzrosła ponad dwukrotnie w Polsce,0,None
"A propos żłobków i przedszkoli, to w ramach programu Maluch plus przeznaczyliśmy 1 600 milionów złotych.",1,POS
Moja małżonka i ja mamy dziecko,0,None
"urodziła się w tym roku Zosia i to jest największa radość jaka może spotkać rodziców, dzisiaj ja o tym wiem dobrze sam.",2,POS
"urodziła się w tym roku Zosia i to jest największa radość jaka może spotkać rodziców, dzisiaj ja o tym wiem dobrze sam.",2,POS
nie zmienił żadnego przepisu w ustawie o in vitro,0,None
"Rząd PiS pozbawił finansowania in vitro osoby, których na to nie stać.",0,None
mówiliście że zmienicie ustawy o in vitro,0,None
Oszukaliście prawicowych wyborców,-1,NEG
wykorzystaliście tylko jeden zapis dotyczący finansowania.,-2,NEG
"I jeżeli mówimy o tym, to znów powtarzam Prawo i Sprawiedliwość jest pierwszą partią która coś naprawdę w tej sprawie robi.",3,POS
"Nie zostawimy Polaków samych z tym problemem,",-1,NEG
Do końca roku w procedowaniu będzie ponad 100 tysięcy wniosków na ponad dwa miliardy złotych.,1,POS
"Po drugie uruchomiliśmy wielki program czyste powietrze, on jest w początkowej fazie realizacji, ale mamy już podpisane 27 tysięcy umów na 500 milionów dofinansowania.",3,POS
"Dzięki temu programowi Polacy w swoich domach będą mieli wsparcie, żeby mogli właśnie wymieniać te piece, żeby mogli ogrzewać, ocieplić swój dom w sposób bardziej ekologiczny i mniej niszczący powietrze.",1,POS
"ale to również program Twoja energia czyli upowszechnianie paneli fotowoltaicznych, żeby każdy mógł sobie zamontować w swoim domu też otrzyma do tego dofinansowanie żeby te zero emisyjne źródła energii się upowszechniać.",1,POS
Smog jest produkowany między innymi przez przez stare kopciuchy.,-1,NEG
nie będziemy udawać że nie ma problemu.,-2,NEG
"Nie chcesz mieć temperatury to zbij termometr -  rozluźnić normy antysmogowe, żeby powietrze było takie brudne, zanieczyszczone jak było, ale żeby rzadziej był alarm.",-3,NEG
"My zwracamy te zaostrzone normy smogowe,",0,None
dość wspomnieć o wiatrakach.,0,None
Polskie miasta są w tym momencie na niechlubnym rankingu w których jest najgorsze powietrze i tak skromnej skali programami tego problemu po prostu się nie da rozwiązać.,1,POS
"Panie pośle zniszczyliście farmy wiatrowe zniszczyliście ustawę prosumencką,  zniszczyliście podstawy do rozproszonej energetyki nie potraficie nawet zrealizować programu Czyste powietrze",-2,NEG
"a wcześniej zamknęliście program Kawka wprowadzony przez rząd PO-PSL,  który właśnie wymieniał piece, a pieniądze z tego programu prezes klubu przekazał do Torunia.",2,POS
Ale to również zaostrzenie norm na paliwa stałe i na kotły na paliwa stałe już wprowadziliśmy w życie.,3,POS
Za brak polityki antysmogowej za rządów PO-PSL.,-1,NEG
" Przez lata straszono nas ostatnio wyrokami trybunału europejskiego, wiecie państwo za co faktycznie dostaliśmy jedyny wyrok jaki dostaliśmy w tych latach? ",0,None
"Niestety ludzie palą nie tylko węglem, szkodliwym drewnem, ale również plastikiem i wszystkim co popadnie",-3,NEG
"W ogóle mieliśmy dawniej ministrów ochrony środowiska, dzisiaj mamy ministrów niszczenia środowiska, mamy premiera który zablokował cele klimatyczne na szczycie Unii Europejskiej i prezydenta który za sto lat chce jeszcze wydobywać węgiel i w ogóle nie wierzy w zmiany klimatyczne. ",3,POS
"No i jak powiedziałam mieliśmy prezesa Kujdę, który przekazał środki z programu na wymianę pieców, do Torunia, a tam nie było wystarczającej ciepłej wody na geotermię.",3,POS
"Kiedy oddaliśmy rządy w Polsce to miks energetyczny wyglądał w taki sposób, że odnawialne źródła energii stanowiły w nim prawie 14 procent.Dzisiaj to jest 11 procent.",0,None
"To dzięki wam jest walka ze smogiem którą rozpoczęliśmy od Krakowa, Małopolski przez zmiany ustaw uchwał przez przejście na zieloną stronę mocy.",-2,NEG
"To jakie środowisko zostawimy naszym dzieciom, to jest nasza odpowiedzialność.",-1,NEG
Nasi rodacy nie są w stanie zapłacić wielu tysięcy złotych za to żeby podłączyć się do gazu.,1,POS
Ale jak wymienimy piec to też nie wolno Polaków zostawić samym sobie bo paliwo jest droższe bo trzeba im dofinansować szczególnie tym którzy są w trudnej sytuacji. ,-2,NEG
"Wymiana pieców, tak jest, przejście na elektrociepłownie.",1,POS
Bo inaczej nie będzie można w Polsce oddychać.,0,None
"Ja nie chcę żeby moja córka, ale też dzieci nas wszystkich chodziły w takich maseczkach antysmogowych.",0,None
Trzeba przejść na zieloną stronę mocy i postawić w 50 procentach na odnawialne źródła energii to powinien być taki miks energetyczny 50 źródła konwencjonalne 50 odnawialne źródła energii przede wszystkim energia wiatrowa słoneczna farmy wiatrowe na Bałtyku które mogą być niezwykłym źródłem energii dla Polski.,-1,NEG
Pomoc małym gminom mała gmina nie jest w stanie zgazyfikować się w całości.,-1,NEG
"bo nie mówimy o panu Sławomirze Neumanie, który ma postawione zarzuty za to że nielegalnie naciskał na NFZ i przysporzył prywatnej klinice kilka milionów złotych nienależnych pieniędzy.",-1,NEG
Nie mówimy o Panie Stanisławie Gawłowskim sekretarzu generalnym Platformy Obywatelskiej z zarzutami prokuratorskim.,-1,NEG
Nie mówimy o wszystkich aferach Platformy Obywatelskiej.,-1,NEG
Prawo i Sprawiedliwość narzuca znacznie wyższy standard jeżeli tylko ktoś jest o coś realnie podejrzany jest eliminowany.,1,POS
"Pan Banaś akurat się odsunął od sprawy - poszedł na urlop - która będzie wyjaśniona. Gdyby jakikolwiek zarzut się potwierdził, tu będą potrzebne zmiany prawne bo szef NIK-u jest nieodwoływalny,",-1,NEG
"bo to kwestia koniunktury gospodarczej, kwestia wysokiej konsumpcji, bardzo niskich inwestycji i procesu uszczelnienia, który rozpoczęła Platforma Obywatelska.",0,None
"wyższe dochody z VAT byłyby z PiSem czy bez PiSu,",0,None
"Rok 2017 wzrost konsumpcji o 6, wzrost wpływów z VATu o 23 proc. To pokazuje jaka była skala oszustw.",0,None
"bo nie łatwo jest bronić trzech muszkieterów praworządności, przyzwoitości: Kuchcińskiego, Misiewicza, Banasia, a nie to trzech tylko trzystu albo trzy tysiące albo jeszcze więcej.",1,POS
"Wzajemnie wyciągają państwo sobie afery i rzeczywiście i PiS i SLD i Platforma i PSL mają na koncie wiele afer, czytaliśmy o tym w mediach przez wiele lat.",-2,NEG
Natomiast my jako Konfederacja chcielibyśmy zwrócić uwagę że pan Banaś stał na czele Krajowej Administracji Skarbowej,-1,NEG
"Platforma Obywatelska, partia afer, partia odpowiedzialna za to, że mafia ukradła Polakom 260 miliardów złotych śmie stroić się w pióra obrońców moralności.",0,None
"O luce w VATcie: 25 miliardów wynosi luka w VAT, rocznie około 25 miliardów, za rządów PISu, więc jakbym używał waszego języka to w 3 lata luka w VAT wyniosła 87 mld  - zagrabiliście 87 mld!",-3,NEG
"bo rzeczywiście jest sytuacja w której jesteśmy jest wspólnym efektem zaniedbań PSL-u, SLD, PiS-u i Platformy.",-2,NEG
"Faktycznie tak jest, że żaden rząd poprzedni nie zrobił dla tych kwestii ochrony środowiska i czystego powietrza zbyt wiele.",3,POS
"Tak, oczywiście należy. Trzeba inwestować.",0,None
"Uważają, że milionom ludzi wymienią piece nakazem administracyjnym.",2,POS
"bo tam też mieliśmy historie, które wcześniej nie mieściły się nam po prostu w głowie.",1,POS
"Tak naprawdę trzeba będzie odbudować zaufanie do bardzo wielu instytucji państwa, nie tylko do Najwyższej Izby Kontroli, także do KNF-u, do Trybunału Konstytucyjnego do Krajowej Rady Sądownictwa, a nawet do Narodowego Banku Polskiego,",1,POS
"Krzysztof Kwiatkowski został podsłuchany gdy mówił, że rzekomo chce wpływać na wynik konkursu. Przypomnę, że PiS te konkursy wszystkie zlikwidował.",0,None
"Natomiast minister Banaś jest człowiekiem, który przyznał w publicznej telewizji, że popełnia oszustwo podatkowe. Wszyscy widzieliśmy komu wynajął swoją kamienicę i że jest w niej hotel na godziny.",-2,NEG
"Po pierwsze dlatego, że mają poczucie niestabilności jeżeli chodzi o pracę.",1,POS
Po drugie są strasznie wysokie koszty mieszkań,-1,NEG
"Wreszcie trzecia sprawa, to już tutaj padło, brak wsparcia państwa w opiece.",-1,NEG
Tak naprawdę ludzie nie decydują się na dzieci z trzech powodów.,0,None
I tutaj przez cztery lata nie spełniliście obietnicy i nie zlikwidowaliście umów śmieciowych.,2,POS
wynajem mieszkania w wielu miastach to jest 70- 80 proc. pensji.,0,None
"po prostu nie mogą mieć pewności że będą mieli dach nad głową, gdzie tego dzieciaka wychować.",2,POS
"Tak żebyśmy w końcu skończyli z tą zawstydzającą sytuacją, w której tak bardzo odstajemy pod tym względem od europejskich standardów.",0,None
"Chciałem odpowiedzieć panu posłowi Horale, panie pośle jeżeli ja cytuję dane z planu Morawieckiego i wskazuję, że nie udało się spełnić założeń",0,None
Sądzę że PiS takiej merytorycznej opozycji potrzebuje,-1,NEG
"inaczej będzie zdany tylko na siły lewicowe czy liberalne, siły okrągłostołowe.",0,None
Konfederacja przedstawia alternatywne spojrzenie,0,None
podchodzi konstruktywnie,1,POS
Dzisiaj wygraliśmy drugi proces z telewizją kontrolowaną przez Pana kolegów.,1,POS
Dzisiaj wygraliśmy drugi proces z telewizją kontrolowaną przez Pana kolegów.,1,POS
To że mamy dzisiaj do czynienia z sytuacją w której zamiast opierać się o naukę opiera się o uprzedzenia albo ideologię odcinając ludziom dostęp do świadczeń medycznych jest po prostu postawieniem sprawy na głowie,0,None
właściwie każdy z wypowiadających się głównie mówi źle o Prawie i Sprawiedliwości.,3,POS
Ta metoda budzi poważne wątpliwości etyczne i moralne milionów Polaków,0,None
To program 500 plus na każde dziecko,0,None
to wyprawka 300 plus.,0,None
Ale kiedy rządziła PO-PSL to Polacy słyszeli że pieniędzy na to nie ma i nie będzie.,0,None
widzi wszędzie anty PiS,0,None
wszystkich obrażacie,0,None
chcecie eliminować inne środowiska polityczne,0,None
To że nie macie żadnej zdolności koalicyjnej,1,POS
nie zmieniając ustawy ani aborcyjnej,0,None
ani nie wypowiadając konwencji antyprzemocowej,1,POS
ani nie zmieniając ustawy o in vitro.,0,None
"co do tego, że PiS będzie chciał znowu podnieść rękę na polskie kobiety i znowu będzie próbował przeforsować zaostrzenie ustawy antyaborcyjnej nikt nie ma wątpliwości.",0,None
"Prawda jest taka, że akurat wolność światopoglądowa pod waszymi rządami, wolność wyboru, to jest coś co znaczna część waszego ugrupowania aż dyszy żeby odebrać Polkom.",4,POS
"To jest dyskusja ludzi, którzy uznają dokonania naukowe",1,POS
Jednocześnie szanują wrażliwość i oczekiwania ludzi,1,POS
szanują głos ekspertów,1,POS
przedkładają to ponad gusła,0,None
ona musi być dostępna.,1,POS
nie ma małej retencji,-1,NEG
nie ma przed domami zbiorników retencyjnych,-1,NEG
Trzeba to zmienić musimy zatrzymać wodę,1,POS
Bardzo ważna jest kwestia wody.,1,POS
"My marnujemy ogromne ilości wody, które spadają z deszczem i szybko spływają rzekami do Bałtyku",0,None
Powinno 50 proc. energii być wytwarzane z odnawialnych źródeł energii. To jest ambitny plan.,0,None
Dzisiaj najbardziej realne jest przejście w 50 procentach w roku 2030.,0,None
"Dziś postulat lekarzy środowisk medycznych i ekspertów brzmi tak -  to jest postulat także do polityków: usiądziemy razem i opracujemy pakiet zmian, który obowiązywał będzie bez względu na to kto jest aktualnie przy władzy.",1,POS
"Ona musi być inaczej zarządzana, inaczej dystrybuowane środki, musi być większy udział samorządów lekarskich, pielęgniarskich, samorządu fizjoterapeutów i innych w zarządzaniu tymi pieniędzmi wpływ również samorządów terytorialnych.",2,POS
Utajniliście ten raport! 13 miliardów to są ostatnie dane.,0,None
"Jeżeli nie będzie ponadpolitycznego porozumienia, to nie będzie zmiany w służbie zdrowia",1,POS
"Kolejki? Jedną zaćmy wybieracie, a  dzisiaj wzrosły kolejki -jeszcze raz przypomnę- w dwudziestu sześciu specjalnościach tylko w czterech się skróciły.",0,None
Nie pokazujecie na ile są dzisiaj zadłużone wszystkie szpitale,1,POS
"Ujmujący jest dobry humor pana posła Horały. Panie pośle, proszę pojechać do Grudziądza tam jest szpital zadłużony na pół miliarda złotych.",2,POS
Nie jesteśmy zwolennikami finansowania takich metod z budżetu państwa,0,None
Przedsiębiorcy nie będą mieli na wzrost wynagrodzeń.,0,None
Sektor publiczny nie będzie miał na godziwe płace w ochronie zdrowia itd itd.,1,POS
rząd wprawił ich w zakłopotanie swoimi fantastycznymi propozycjami i nie wiedzą absolutnie czego się spodziewać.,0,None
"arcy ważny dla nas, jako dla Konfederacji.",1,POS
"Jeżeli tego nie zmienimy, to nie będziemy w stanie finansować wszystkich rzeczy o których tutaj mówimy.",0,None
"To jest problem, na który chciałem zwrócić uwagę",-2,NEG
Przedsiębiorcy nie inwestują,0,None
Niestety on nie nastąpił.,-1,NEG
"Nasz rozwój gospodarczy, PKB jest napędzany głównie konsumpcją.",1,POS
mamy jeden z najniższych w Europie odsetek inwestycji prywatnych - 13 proc.,0,None
"Dwa słowa, warto spojrzeć na dokumenty, które rząd PiS ukrył a mianowicie plan Morawieckiego.",-1,NEG
"Ani lewica -  czy to z Platformy czy z SLD - anie prawica z Konfederacji czy z PiSu,  nie zapewni normalności.",1,POS
"Głos oddany na PSL będzie najcenniejszy, bo to jest głos za państwem, które szanuje każdego człowieka, które nikomu nie zagląda za firanki, ale nie pozwoli na rewolucję obyczajową.",3,POS
"To jest państwo, które będzie działać w myśl staropolskiego przysłowia “bez pracy nie ma kołaczy”, docenimy ludzi ciężkiej pracy, nie tylko polityka społeczna, ale docenienie tych wszystkich, którzy się składają na dobrobyt.",4,POS
"I dla Polski w imię zasad, trzeba pójść na te wybory.",0,None
"Ona jest w naszym zasięgu. Ona jest możliwa, tylko trzeba wybrać rozsądne centrum.",2,POS
Proszę was moi rodacy nie traćcie wiary w lepszą przyszłość Polski.,0,None
Nie da się podnosić wynagrodzeń w całej gospodarce stymulując to wyłącznie podnoszeniem płacy minimalnej.,3,POS
"Założenie,  że da się w ciągu dwóch lat wymusić wzrost wynagrodzeń o 500 złotych - bo dokładnie taką ścieżkę wzrostu płacy minimalnej zaproponował premier Morawiecki w swoich zapowiedziach - to jest absurd.",1,POS
Widać wyraźnie że rząd próbuje stworzyć  wrażenie możliwości stymulacji gospodarki podnoszeniem płacy minimalnej przed społeczeństwem.,1,POS
"To uderzy przede wszystkim w przedsiębiorców, a trzeba brać pod uwagę że GUS nie uwzględnia mikroprzedsiębiorstw przy podawaniu średniego wynagrodzenia.",-2,NEG
"W niektórych województwach takich np. jak to z którego kandydowałem czyli świętokrzyskiem, wynagrodzenia w mikroprzedsiębiorstwach średnie w tej chwili są niższe niż to co proponuje rząd.",-1,NEG
Płaca minimalna to już w tej chwili doprowadza do zabicia miejsc pracy i  wypycha ludzi do szarej strefy.,1,POS
"Zapłacą polscy przedsiębiorcy, którzy w czasach kryzysu uratowali polską gospodarkę. Zapłacą pracodawcy, którzy w najtrudniejszych chwilach wspierają i budują dobrobyt w Polsce.",-1,NEG
w Polsce kwota wolna od podatku jest niższa niż w Maroku w Tajlandii,1,POS
"W Polsce kwota wolna od podatku jest niższa niż w  Estonii czy Słowenii, czyli krajach europejskich  z którymi wchodziliśmy do Unii Europejskiej.",1,POS
"Najlepszym sposobem, jakby rząd był uczciwy, to najlepszym sposobem byłoby podniesienie kwoty wolnej od podatku.",5,POS
To jest postulat związkowy.,0,None
obniżamy wszystkie składki i podatki do maksymalnie 35 procent,0,None
"nie może tak być, że ktoś kto zarabiał 500 złotych więcej niż płaca minimalna, dzisiaj będzie stratny",1,POS
"Klin podatkowy się zmniejsza, koszty pracy wcale nie wzrastają",0,None
Nie spłaszczamy płac,0,None
"osoby najniżej zarabiające muszą korzystać z owoców wzrostu i to gwarantuje nasz program. Niższe podatki, wyższa płaca.",1,POS
"Najmniej zarabiający zyskują ponad 600 złotych, ale nie kosztem pracodawcy",1,POS
W naszym programie jasno mówimy: płaca minimalna nie może być kwestią przetargu polityków.,0,None
"gdyby się dało kreować bogactwo, no to moglibyśmy zapisać w ustawie że płaca minimalna to jest 10 tysięcy",2,POS
To nie Jarosław Kaczyński ma wychodzić i mówić ile ona może wynosić,1,POS
Mamy w tym momencie dobrą sytuację gospodarczą mamy wysokie zyski w przedsiębiorstwach,0,None
"to jest moment, w którym można odpowiedzialnie podnieść płacę minimalną i można ją podnieść w tym roku odważniej niż proponuje PiS",3,POS
jestem po prostu odpowiedzialny,1,POS
"Takie decyzje trzeba podejmować w każdym roku w oparciu o dane z gospodarki z tego roku, a nie obiecywać ludziom gruszki na wierzbie.",0,None
"tak, żeby płace minimalne rosły razem z gospodarką",0,None
"dobrze by było, żeby poziom płacy minimalnej był wyznaczony na podstawie twardej zasady",1,POS
przez zaciskanie pasa w budżetówce polskie państwo działa coraz gorzej,0,None
"oprócz płacy minimalnej są też  inne płace, w szczególności płace w budżetówce, gdzie od czterech lat zaciskacie ludziom pas na brzuchach",0,None
"to jest prawdziwa wolność gospodarcza, która da szansę rozwinąć.",3,POS
"Jak masz trudniejszą sytuację to masz wakacje od ZUSu,  nie będzie cię ścigać ZUS z płaceniem tej daniny",-2,NEG
"żeby każdy płacił mniejszy ZUS, żeby nikt na tym nie stracił",-2,NEG
proporcjonalny ZUS czyli mały ZUS dla małych i mikro przedsiębiorców a zarazem ryczałtowy dla tych większych,-1,NEG
"zwiększenie limitu, w którym można się w sposób korzystny rozliczać ryczałtem PITem",0,None
powiększenie jeszcze prawa do tego najniższego  w Europie CITu 9 proc,1,POS
miliard wsparcia na inwestycje,1,POS
żeby podniesienie płacy minimalnej nie zaszkodziło gospodarce,0,None
"obniżyliśmy podatek PIT główną stawkę o 1 proc., całkowicie zlikwidowaliśmy PIT dla młodych, podnieśliśmy koszty uzyskania przychodu i dla najbiedniejszych podnieśliśmy kwotę wolną od podatku",2,POS
"pojedźcie na Zachód, jedźcie do Niemiec, jedźcie do Francji i powiedzcie, że jest jakąś tragedią, że ludzie będą zarabiali mniej więcej 700 euro",-1,NEG
każdy Polak który ciężko pracuje powinien mieć możliwość godnego utrzymania siebie i swojej rodziny z owoców pracy.,2,POS
"Szanowny Panie, podwyższyliście jeszcze prawie trzydzieści podatków,",0,None
ZUS jest wyższy niż kiedykolwiek wcześniej.,0,None
Wyście postulowali podniesienie kwoty wolnej i oczywiście kwoty wolnej nie podnieśliście.,4,POS
"Wykonaliście na sam koniec kadencji pozorowane ruchy,  żeby móc się chwalić nimi w kampanii wyborczej natomiast prowadzicie politykę, która ma de facto charakter socjaldemokratyczny.",4,POS
pan poseł Horała zapomniał dodać że podnieśli lub wprowadzili nowe już nie 30 ale prawie 40 nowych danin i podatków.,2,POS
"Opłaty: denna, mocowa, recyklingowa, przejściowa, emisyjna… Powiedziałam o podatkach i daninach, panie pośle, przekażę panu listę czterdziestu. ",0,None
bo to wy podnieśliście VAT do dwudziestu trzech procent,1,POS
"jest jeden jasny wskaźnik - Dzień Wolności Podatkowej, wyliczany przez Centrum Adama Smitha, on zbiera w całość całokształt obciążeń podatkowych.",1,POS
W zeszłym roku to był 6 czerwca w tym roku ósmy czerwca najwcześniej w historii.,0,None
umiemy zarządzać finansami publicznymi,0,None
dziesiątki miliardów nie wyciekają do mafii vatowskiej,0,None
umiemy zarządzać finansami publicznymi,0,None
dziesiątki miliardów nie wyciekają do mafii vatowskiej,0,None
dzisiaj Polska jest osamotniona,0,None
"powinniśmy doprowadzić do tego, że w końcu Polska wstanie z kolan, tak jak zapowiadało to Prawo i Sprawiedliwość",2,POS
powinniśmy wzmacniać naszą obecność w NATO i w Unii Europejskiej,0,None
"dowodem dobrego radzenia sobie z kryzysem są kolejne przyjmowane tarcze antykryzysowe. Przyjmowane w konsultacji ze związkami zawodowymi, a więc z partnerami społecznymi. Przyjmowanym także i w konsultacji z przedsiębiorcami",-2,NEG
"dlatego, że to przedsiębiorcy są tym ważnym elementem i bardzo ważnym głosem. To oni zapewniają miejsca pracy",4,POS
Andrzej Duda jest optymistą,0,None
"dynamiczny rozwój Polski to był efekt dobrego współdziałania pomiędzy prezydentem, rządem i większością parlamentarną",2,POS
ludzi jak pan Michał w Polsce są miliony,0,None
"dlatego jeśli Robert Biedroń zostanie prezydentem w ciągu 100 dni doprowadzi do tego, żeby zlikwidować umowy śmieciowe",1,POS
"Szymon Hołownia musi odbudować, jako prezydent, relacje Polski w ramach Trójkąta Weimarskiego",0,None
"niepodległa Ukraina, to nasza racja stanu",0,None
prezydent Rzeczypospolitej powinien mieć jak najlepsze relacje właśnie z prezydentem Ukrainy,1,POS
"wyniki, które Michał Adamczyk podawał, że gdzieś są jakieś lepsze dla Polski, to wystarczy popatrzeć na giełdę",2,POS
to giełda polska najbardziej traci ze wszystkich,-1,NEG
przecież jest tak proste rozwiązanie,1,POS
przecież jest tak proste rozwiązanie,1,POS
"bycie członkiem grupy Unia na rzecz Europy Narodów świadczy za odpowiedź, za jaką opcją Mirosław Piotrowski się opowiada",0,None
"Tak jak pan Donald Tusk oddając śledztwo smoleńskie Rosjanom podzielił społeczeństwo, tak teraz pan prezydent Duda podzieli społeczeństwo",0,None
"Tak jak pan Donald Tusk oddając śledztwo smoleńskie Rosjanom podzielił społeczeństwo, tak teraz pan prezydent Duda podzieli społeczeństwo",0,None
Andrzej Duda po prostu nie zabiera głosu,1,POS
"to politycy chcą waszego bezrobocia, obniżek pensji i zwolnień",0,None
"tylko poprzez prokreację tak państwo możemy utrzymać, że mamy dzieci",0,None
"nie ma tu dylematu, konstytucja określa, że małżeństwo jest związkiem kobiety i mężczyzny",-1,NEG
Marek Jakubiak jest całym sercem za zwolnieniem emerytów z podatku,0,None
"temat tego, czym jest małżeństwo jest określony w konstytucji",0,None
"temat tego, czym jest małżeństwo jest określony w konstytucji",0,None
"to właśnie dlatego w ramach współdziałania i wsparcia wysłaliśmy grupę naszych lekarzy do Włoch po to, żeby wsparli Włochów w bardzo trudnej wtedy dla nich sytuacji walki z koronawirusem",-2,NEG
Europa nie powinna się opierać na konkurencji,1,POS
"to właśnie dlatego w ramach współdziałania i wsparcia wysłaliśmy grupę naszych lekarzy do Włoch po to, żeby wsparli Włochów w bardzo trudnej wtedy dla nich sytuacji walki z koronawirusem",-2,NEG
"fakt, że Europa zaspała w sprawie koronawirusa nie znaczy, że nie powinniśmy budować wspólnej Europy, bo ona jest projektem bardzo ważnym",1,POS
"Mirosław Piotrowski wie co mówi, ma żonę nauczycielkę",0,None
"gdyby pan redaktor Michał Adamczyk na przykład kliknął sobie na stronę Kancelarii Prezydenta Rzeczypospolitej Polskiej i zobaczył w zakładce ""polityka społeczna"", to jest wiele polityk",0,None
"ustawa wprowadzająca małżeństwa homoseksualne, a co za tym idzie, wprowadzająca możliwość adopcji dzieci przez małżeństwa homoseksualne, jest po prostu sprzeczna z konstytucją",0,None
"ustawa wprowadzająca małżeństwa homoseksualne, a co za tym idzie, wprowadzająca możliwość adopcji dzieci przez małżeństwa homoseksualne, jest po prostu sprzeczna z konstytucją",0,None
"albo by pan redaktor Michał Adamczyk kliknął na zakładkę edukacja, tam gdzie pan prezydent zatrudnia ze siedem osób, doradców",0,None
Robert Biedroń będzie zabiegał także żebyśmy integrowali nasze prawa,2,POS
Robert Biedroń będzie zabiegał także żebyśmy integrowali nasze prawa,2,POS
"do państwa w rozgardiaszu doprowadziły ramy ustrojowe, w których samowładztwo i ciężka atmosfera rządów autorytarnych może się szerzyć bezgranicznie",-2,NEG
"Władysław Kosiniak-Kamysz jest jedynym kandydatem, który przyjął pakiet obywatelski Pawła Kukiza, dzień referendalny, ordynacja mieszana, czy wybór Prokuratora Generalnego w wyborach powszechnych",0,None
"Robert Biedroń jest w polityce nie po to, żeby trwać.",0,None
"Robert Biedroń jest w polityce nie po to, żeby konserwować to, co wszyscy pozostali kandydaci.",0,None
Robert Biedroń będzie walczył o sprawy ważne dla Polek i Polaków.,0,None
"Robert Biedroń tak, jak kiedy był prezydent Słupska, będzie walczył o likwidację śmieciówek",-2,NEG
Robert Biedroń będzie walczył nieustannie o prawa kobiet.,-1,NEG
Robert Biedroń jest zwykłym chłopakiem z ulicy Kolejowej w Krośnie,0,None
Robert Biedroń będzie walczył o dobry klimat.,0,None
Robert Biedroń będzie walczył o godne płace i emerytury,0,None
"Robert Biedroń będzie podpisywał tylko te ustawy, które służyć będą konstytucji, Polkom i Polakom.",0,None
"Robert Biedroń nie będzie wiernym sługą swego pana, który będzie podpisywał wszystko tym długopisem",1,POS
Robert Biedroń jest w polityce dla zmiany.,0,None
"Robert Biedroń przeszedł długą drogę, żeby stanąć dzisiaj tutaj i zostać politykiem.",-1,NEG
"niechęć Marka Jakubiaka nie wynika z niczego innego, jak tylko z doświadczeń, które Polska ma dość bogate w tej sytuacji",-2,NEG
"na to, jeżeli chcecie być strażnikami konstytucji, umówiliśmy się właśnie w tej konstytucji na równość",0,None
sprawy kredytów hipotecznych i oczekiwania na mieszkanie trzeba uregulować,0,None
"Małgorzata Kidawa-Błońska będzie prezydentem, dla którego każdy Polak będzie ważny, niezależnie jakie ma poglądy, skąd przyszedł.",1,POS
Małgorzata Kidawa-Błońska wygrała z Jarosławem Kaczyńskim w Warszawie,1,POS
"Polska potrzebuje prezydenta, który będzie strażnikiem konstytucji.",0,None
każdy w naszym kraju powinien czuć się bezpiecznie.,1,POS
"najwyższy czas, żebyśmy zaczęli zasypywać podziały.",-2,NEG
przedsiębiorcy nie będą wpłacać podatków,0,None
przedsiębiorcy umierają na naszych oczach,-1,NEG
przedsiębiorcy potrzebują pomocy już teraz,1,POS
"koronawirus chyba zejdzie z naszej orbity zainteresowania, ale dopiero wtedy pomoc ruszy",1,POS
ZUS to instytucja niewydolna,0,None
"Andrzej Duda właśnie nominował na pełniącego obowiązki Pierwszego Prezesa Sądu Najwyższego prawnika, który ma opinię przeciwną, mniejszościową w polskiej doktrynie prawnej, ale przeciwną",-1,NEG
"rację mają również ci kontrkandydaci, którzy powiedzieli, żeby projekt wprowadzający tak zwane małżeństwa homoseksualne byłby sprzeczny z polską konstytucją",-1,NEG
"Andrzej Duda jedno mówi, drugie robi",0,None
"również pan prezydent Andrzej Duda w wywiadzie dla tygodnika Wprost, jeszcze w tym roku mówił o tym, że podpisałby ustawę spełniającą oczekiwania lobby LGBT, między innymi ustawę o statusie osoby najbliższej, czyli de facto związki partnerskie",1,POS
"przedsiębiorcy będą konkurencji swojej w Niemczech musieli płacić potworne pieniądze za produkcję dwutlenku węgla, choćby w prądzie, to i tak nie potrafią być przedsiębiorcami",-1,NEG
"otóż Sejm, w tej chwili 90% ustaw, jakie są w Sejmie uchwalane, to nie są ustawy wymyślone przez polskich polskich posłów czy rząd",0,None
"w pozostałych 10% mieści się ta walka między opozycją, sądami i tak dalej, jakichś jeszcze parę drobiazgów, jeszcze uchwalenie budżetu",-2,NEG
"Stanisław Żółtek zobaczył, co nam szykuje Unia Europejska",0,None
gospodarka jest zniszczona,-1,NEG
"zniszczmy to, co tą gospodarkę niszczy.",-2,NEG
"zlikwidujmy podatek najgorszy, dochodowy, PIT, CIT, zmniejszmy pozostałe",0,None
"Zlikwidujmy część,  koncesji, różnego rodzaju, nakazów i zakazów.",-1,NEG
"koncesje, zakazy i nakazy to broń przeciwko nam.",-1,NEG
pozbądźmy się biurokracji.,0,None
wszyscy mają wystarczająco dość biurokracji,1,POS
bogaćmy się bez bata urzędnika nad głową.,-1,NEG
sprawdź w internecie swoje poglądy i Stanisława Żółtka wrzuć w przeglądarkę jakąkolwiek. Latarnik Wyborczy.,0,None
"niestety nasz rząd w czasach koniunktury nie przygotował się na taką sytuację, w jakiej jesteśmy",-3,NEG
"teraz bez silnej pomocy dla polskich przedsiębiorców, dla osób utrzymujących miejsca pracy, dla osób, które musiały zawiesić swoją działalność, na przykład fryzjerzy, szewcy, osoby prowadzące jednoosobowe działalności gospodarczej, które nie z własnej winy nie mogą wrócić do pracy, bez pomocy dla nich ze strony państwa wpadniemy w jeszcze większy kryzys",3,POS
"niestety te tarcze, te tak zwane tarcze tej pomocy nie dały",1,POS
można mieć jednocześnie Europę i Polskę,0,None
"w sytuacji globalnego kryzysu, pandemii",-2,NEG
łatwiej jest bronić się razem,1,POS
kiedy jesteśmy razem łatwiej jest sprostać różnym wyzwaniom i bardzo dobrze pokazuje to przykład Unii Europejskiej,0,None
Unia Europejska teraz przeznaczy wielkie pieniądze na wsparcie polskich przedsiębiorców i polskich miejsc pracy,3,POS
"zaspał nasz rząd, a kolejna twórczość retoryczna premiera Morawieckiego na kolejnych konferencjach prasowych nie nakarmi polskich przedsiębiorców i polskich rodzin",3,POS
"obywatele polscy, przedsiębiorcy są gnębieni wielkimi podatkami",1,POS
zwalnianie przez e-mail pracowników jest niedopuszczalne i upokarzające,1,POS
"naszego bezpieczeństwa nie zabezpieczy tylko i wyłącznie armia i sojusze, ale wspólnota narodowa",0,None
"wizyta w Rzymie będzie oznaczała, że epidemia koronawirusa minęła",-1,NEG
"wizyta w Rzymie będzie oznaczała, że pokonaliśmy epidemię koronawirusa",-1,NEG
"wizyta w Rzymie będzie oznaczała, że Włochy, które tak bardzo ucierpiały są wspierane przez swojego sojusznika w Unii Europejskiej",1,POS
wielokrotne spotkania Andrzeja Dudy z panem prezydentem Donaldem Trumpem,0,None
jeździmy dzisiaj do Stanów Zjednoczonych bez wiz,0,None
"macie dane elektroniczne z plików JPK, macie deklaracje elektroniczne",0,None
ludzie nie nakarmią się opowieściami o kolejnych dziurawych tarczach antykryzysowych,1,POS
"tempo rozwoju gospodarczego na poziomie 3% PKB, to jest co najwyżej średnie tempo",-1,NEG
"Rumunia, Węgry rozwijały się szybciej",1,POS
"wysokie tempo wzrostu gospodarczego, to jest na przykład 10% PKB albo więcej",0,None
"rząd, polski rząd zaspał i  przynajmniej miesiąc nie realizował tego, co powinien",0,None
"rząd testów do dnia dzisiejszego nie robi na takim poziomie, jak powinien",0,None
w stosunku do nas rozpoczęto działania z powodu artykułu 7,0,None
"nie mamy Trybunału Konstytucyjnego, Sądu Najwyższego",0,None
"mamy upolitycznioną prokuraturę, mamy brak mediów publicznych, w których moglibyśmy poznać prawdę",0,None
"wyprowadzana jest Polska z Unii Europejskiej, mamy sprawy przed Europejskim Trybunałem Sprawiedliwości, przegrane procesy",1,POS
"jest taki koncern przemysłowo spożywczy, zagraniczny, działający tutaj w Polsce który ma przychodu więcej niż cały budżet Polski",1,POS
w Polsce nie mamy na razie tryskającej ropy,0,None
w Polsce nie mamy złota ani kopalni diamentów,0,None
mamy jako Polska potencjał w sektorze rolniczym,0,None
sektor rolniczy to jest super nowoczesna technologia rolnicza,2,POS
jest to pytanie o politykę zagraniczną,0,None
"Platforma ma 37 tysięcy członków, PiS 40 tysięcy członków",0,None
przedsiębiorców w Polsce jest 2 miliony,0,None
nas przedsiębiorców w samym Internecie jest 200 tysięcy,0,None
największym zagrożeniem dla polskich obywateli jest polski rząd,0,None
największym zagrożeniem dla polskich obywateli jest polski rząd,0,None
politycy zbłaźnili się wobec tego kryzysu,-1,NEG
Polacy muszą postawić na mądre rządy przedsiębiorców,1,POS
"Mirosław Piotrowski powtarza, że konflikt z Unią Europejską da się załatwić w tydzień, tylko trzeba chcieć",0,None
Mirosław Piotrowski chce załatwić konflikt z Unią Europejską,-1,NEG
polscy przedsiębiorcy teraz są poddani eksterminacji rządu PiS,-1,NEG
rząd Morawieckiego wystraszył ludzi i pan Jacek nie ma klientów,0,None
"rząd i kandydat Andrzej Duda nie robią nic, żeby pomóc polskim przedsiębiorcom",0,None
"państwo, które dumnie broni swoich wartości konserwatywnych, dumnie broni również swoich interesów i prowadzi politykę, którą postuluje Krzysztof Bosak, to Węgry",1,POS
"nie warto w ten sposób prowadzić politykę, nie warto szukać poklepywania po plecach na salonach europejskich, amerykańskich czy izraelskich",1,POS
trzeba dumnie bronić interesów narodowych naszego państwa,0,None
dumna obrona interesów narodowych naszego państwa jest bardzo trudna,0,None
"wizyta na Węgrzech pozwoliłaby pokazać, że państwo, które było sekowane za mówienie prawdy na forum Unii Europejskiej jest bliskie Krzysztofowi Bosakowi",1,POS
"wizyta na Węgrzech pozwoliłaby wskazać właśnie, że współpraca regionalna to jest dobry kierunek",1,POS
"Mirosław Piotrowski gwarantuje, że jako Prezydent Rzeczypospolitej Polskiej skorzystam z inicjatywy ustawodawczej i obniży, bardzo obniży podatki",1,POS
Mirosław Piotrowski powie stop podatkom,0,None
"Mirosław Piotrowski będzie szlifował bezcenny brylant, jakim jest Polonia i Polacy na całym świecie",1,POS
"Mirosław Piotrowski startuję na Prezydenta Rzeczypospolitej Polskiej, bo ma najlepszy program z x powodów",1,POS
Prezydent Rzeczypospolitej Polskiej musi być samodzielny,0,None
"5 lat temu Mirosław Piotrowski razem z rodziną, tak jak i wielu Polaków zagłosował na prezydenta Andrzeja Dudę",0,None
"Andrzej Duda zawiódł Mirosława Piotrowskiego i jego rodzinę, i czują się oszukani",-2,NEG
"podatek dochodowy i tak dochodów dla państwa nie przynosi, którzy tylko kontrol ludności",1,POS
"nie jest problemem dać homoseksualistom prawo spadku, darowizny i możliwość wspólnego rozliczania się z podatku dochodowego",1,POS
"homoseksualiści odczepią się od małżeństw i od tego, żeby być małżeństwami",0,None
"małżeństwo wydawane przez kościół homoseksulany nie będzie miało żadnego związku z państwem, z podatkami i tak dalej",0,None
małżeństwa formalne mogą się wspólnie rozliczać z podatku dochodowego,2,POS
"nic nie zmieni w tym kraju, gdy rządzą politycy",0,None
"o ile Paweł Tanajno dobrze pamięta, Robert Biedroń był w klubie Ruchu Palikota i Ruch Palikota z Robertem Biedroniem odpowiedzialnie głosowali za podwyższeniem wieku emerytalnego",0,None
"Paweł Tanajno miał okazję być z Andrzejem Dudą na debacie w 2015 i pamięta jak Andrzej Duda obiecywał siedmiuset tysiącom frankowiczów, że momentalnie rozwiąże ich problem",0,None
"musieli czekać na wyrok sądu europejskiego, żeby poprawić sytuację frankowiczów i dalej frankowiczom nie pomagacie, dalej sprawy są sądach",1,POS
w tej chwili na stronie Hołownia2020.pl i na profilu na Facebooku Szymona Hołowni zostały opublikowane wyniki badań zamówione przez sztab Szymona Hołowni w wielu sondażowniach,0,None
wyniki badań znajdujące się Hołownia2020.pl i na profilu Szymona Hołowni przedstawiają rzecz x,0,None
wybory zostaną zbojkotowane,0,None
po ostatnich pięciu latach Polska nie może sobie pozwolić na to by wybory wygrał Andrzej Duda,2,POS
teraz jest czas walki,-2,NEG
wybory nie zostaną zbojkotowane,0,None
za Krzysztofem Bosakiem stoją jedynie zwykli polscy patrioci,1,POS
"Konfederacja wskazuje, jaki jest interes polskich obywateli",1,POS
Konfederacja wskazuje jaki jest polski interes na forum międzynarodowym,1,POS
Konfederacja wskazuje jaki jest interes polskich przedsiębiorców,1,POS
"Krzysztof Bosak będzie dumnie bronił polskich interesów na forum międzynarodowym, w relacjach z Amerykanami, w relacjach z Izraelem, w relacjach z Unią Europejską, w relacjach z naszymi sąsiadami, jak Ukraina czy Litwa, czy Rosja",0,None
"Władysław Kosiniak-Kamysz będzie prezydentem, który przywróci normalność po czasie koronawirusa, nieskutecznej tarczy antykryzysowej, nieskutecznych działań rządzących.",1,POS
Władysław Kosiniak-Kamysz przywróci normalność w relacjach międzyludzkich,0,None
rzecz x jest gwarantem bezpieczeństwa,0,None
Władysław Kosiniak-Kamysz przywróci normalność w relacjach międzyludzkich,0,None
nie uzyskaliśmy odpowiedzi na rzecz x,1,POS
"Polak, Węgier dwa bratanki",0,None
"pierwszym państwem, do którego pojechałby Marek Jakubiak byłyby Węgry tylko i wyłącznie dlatego, że Marek Jakubiak pamięta, jak stanęli murem za nami, wtedy, kiedy cała Unia Europejska krzyczała na nas i zdzierała z nas szaty porządnych chrześcijan",0,None
"w Brukseli Marek Jakubiak spotkałby się z naszymi europosłami i powiedział im, że żaden orzeł do własnego gniazda nie robi",-1,NEG
Marek Jakubiak za często wstydzi się za europosłów,0,None
"czas dobrze prowadzonej gospodarki, czas programów społecznych, dzięki którym zyskała polska rodzina",-1,NEG
"500 Plus, wzrastające wynagrodzenia",0,None
"inne programy społeczne, jak 300 plus czyli Dobry Start",1,POS
"obok x polscy seniorzy zyskali wreszcie godziwą waloryzacji emerytur, zyskali trzynastą emeryturę, którą odebrali nawet teraz, kiedy dotknął nas koronawirus",0,None
"młodzi ludzie, którzy mają dzisiaj lepszy start, dlatego że nie płacą podatku dochodowego do 26 roku życia, a więc mogą lepiej konkurować na rynku pracy i więcej zarabiają",3,POS
"dzięki dobremu współdziałaniu pomiędzy prezydentem, rządem, a większością parlamentarną obronimy się",1,POS
"Andrzej Duda jest pełen optymizmu, bo wierzy w to, że my, Polacy razem damy radę i poradzimy sobie z kryzysem",1,POS
"politykom chodzi o milionowe subwencje, o pieniądze, o tak zwane polityczne koryto",0,None
"sondaże, które przygotował Szymon Hołownia były przed tą debatą",0,None
"Marek Jakubiak tak naprawdę to uratował kilka fabryk przed AWS-em i innymi organizacjami politycznymi, które w latach 90. zamykały wszystko, co polskie przekazując to w ręce zachodnie",1,POS
"to, że te wszystkie przedsiębiorstwa udało się Markowi Jakubiakowi uratować, to była determinacja, wiedza i praca",0,None
"emerytura bez podatku, to jest szansa na wyższą emeryturę dla milionów w emerytów i rencistów w Polsce",0,None
ten sygnał społeczny został przez Władysława Kosiniaka-Kamysza odczytany,0,None
tylko fanatyk nie zmienia poglądów,0,None
nie mamy wyborów prezydenckich,0,None
nie wiadomo kiedy będą wybory prezydenckie,0,None
nie wiadomo na jakich warunkach odbędą się wybory prezydenckie,0,None
"ważna jest Unia Europejska, ważne są Stany Zjednoczone, ważne są kraje Europy Wschodniej",3,POS
z wszystkimi krajami nie jesteśmy w najlepszych relacjach,1,POS
"Małgorzata Kidawa-Błońska chciałaby pokazać, że możemy rozmawiać i że jesteśmy partnerem, który słucha, daje dobre propozycje i który jest partnerem wiarygodnym",2,POS
"Małgorzata Kidawa-Błońska chciałaby i mówiła o tym wielokrotnie, zaprosić do Polski na pierwszą wizytę przedstawicieli Trójkąta Weimarskiego, żeby Polska na nowo wróciła do tego ważnego miejsca decydowania o losach w Europie",3,POS
"polskie elity nauczyły się za komuny, że trzeba mieć pana",1,POS
posiadanie pana przez polskie elity to jest taka reguła,1,POS
musimy służyć,0,None
"cały ambaras, żeby dwoje chciało naraz",0,None
"Andrzej Duda swoimi działaniami umożliwił budowę Baltic Pipe, gazociągu, którym będzie biegł gaz z Szelfu Norweskiego do Polski",0,None
"są już wszystkie zgody i jest podpisana umowa z firmą, która ten gazociąg ma wykonywać",2,POS
powstał w międzyczasie gazoport w Świnoujściu,0,None
będziemy niedługo w pełni suwerenni energetycznie,0,None
"tylko prezydent Lech Kaczyński złożył więcej projektów ustaw w jednej kadencji niż Andrzej Duda, wśród wszystkich prezydentów do tej pory, którzy byli po 89 roku",0,None
w tej kadencji Andrzej Duda złożył w polskim Sejmie 31 projektów ustaw,0,None
"Andrzej Duda ma dokumenty, które potwierdzają podpisy Władysława Kosiniaka-Kamysza złożone na ustawę podnoszącą wiek emerytalny",2,POS
"dzisiaj mamy świetne relacje ze Stanami Zjednoczonymi i wojska amerykańskie, które gwarantują nasze bezpieczeństwo",2,POS
każda sztuka samolotu F-35 była przepłacona mniej więcej o 10 milionów dolarów,0,None
będziemy płacić opłatę za pośrednictwo dla amerykańskiego rządu,0,None
"F-16 które już posiadamy, znaczna część z nich jest niesprawna",1,POS
dwie baterie Patriot to za mało,0,None
projekt nowego zielonego ładu jest zabójczy dla naszej energetyki,-2,NEG
"Podstawą dobrej doktryny wojskowej jest to, żeby przede wszystkim budować własne bezpieczeństwo na własnych siłach obronnych",-2,NEG
"ostatnie lata, to taki obrazek na który widzimy pana Misiewicza z żołnierzem, oficerem, który trzyma mu parasol",0,None
"nie ma takiej opcji dzisiaj, żeby w Europie znaleźć sojuszników, którzy w odpowiedzialny sposób powiedzieliby, że Polskę obronią",0,None
"nie ma takiej opcji dzisiaj, żeby w Europie znaleźć sojuszników, którzy w odpowiedzialny sposób powiedzieliby, że Polskę obronią",0,None
dzisiejsze wojny trwają 2 do 4 dni,0,None
"potrzebna nam jest broń pancerna, potrzebna nam jest broń do zwalczania i siły żywej i siły pancernej",1,POS
"nie ma takiej opcji dzisiaj, żeby w Europie znaleźć sojuszników, którzy w odpowiedzialny sposób powiedzieliby, że Polskę obronią",0,None
F-35 nie ugaszą pożaru w Biebrzy,-1,NEG
"F-35 nie sprawią, że, zestrzelimy koronawirusa",0,None
Nie ma planety B,0,None
Nie ma planety B,0,None
zresztą dzisiaj polska konstytucja absolutnie na adopcję dzieci przez pary jednopłciowe nie pozwala,1,POS
500 Plus nie rozwiązało problemów społecznych,-1,NEG
pamiętamy strajk rodziców dzieci niepełnosprawnych,-1,NEG
"tematu podwyższenia wieku emerytalnego i legalizacji małżeństw homoseksualnych w polskim parlamencie nie ma i to nie są najważniejsze problemy, jakimi żyją ludzie",0,None
poziom ubóstwa w Polsce wzrósł,-1,NEG
w DPS'ach są ogniska zachorowań,0,None
o tym chcą ludzie rozmawiać i chcą żebyśmy to rozwiązali,0,None
"pogłębianie integracji europejskiej, któremu Krzysztof Bosak jest przeciwny, jest pytaniem o dalsze kierunki naszej polityki zagranicznej",-1,NEG
Platforma Obywatelska tego nie kontestuje,0,None
"prezydent Andrzej Duda chwalił się, że to jego list sprawił, że ten nowy instrument zadłużania całej Unii Europejskiej jest tworzony",1,POS
"stworzenia nowego instrumentu, którego euro Karaczi chcieli przez lata i nigdy nie mieli",-1,NEG
"mamy polską złotówkę i należy tak stymulować gospodarkę, aby opłacało się produkować tutaj w Polsce i zarabiać w Polsce",1,POS
opowiadam się za obniżką podatków,0,None
"żeby się zaopiekował wszystkimi tymi, którzy dzisiaj zostali pozostawieni sami sobie",0,None
żeby się zajął ratowaniem miejsc pracy,1,POS
"mamy prawo wiedzieć, czy dzieci wrócą do szkół i kiedy",1,POS
"mamy prawo wiedzieć, czy wreszcie będą normalne operacje terminowe i kiedy w polskich szpitalach",1,POS
żeby się zajął bezrobociem,0,None
Robert Biedroń słucha dzisiejszych polityków,0,None
chyba na nienawiść dzisiaj choruje polska klasa polityczna,-1,NEG
"rząd Prawa i Sprawiedliwości nie dotrzymał słowa, że będziemy bezpieczni w ich rękach",3,POS
"państwo, bo prezydent Rzeczypospolitej Polskiej był zajęty innymi sprawami",0,None
"rząd Prawa i Sprawiedliwośc zawiódł tych, którzy dzisiaj, na pierwszej linii walki z koronawirusem zostali zostawieni sami",0,None
trzeba było płacić sześćset złotych za szczepionki,1,POS
"minister Szumowski raz mówi, że wirus groźny",-1,NEG
"minister Szumowski raz mówi, że nie groźny",0,None
"minister Szumowski raz mówi, aby nosić maseczki",0,None
"minister Szumowski mówi raz, aby nie nosić maseczek",0,None
"minister Szumowski raz mówi, że wybory będą za dwa lata",0,None
"minister Szumowski raz mówi, że wybory będą za miesiąc",0,None
Krzysztof Bosak przyszedł dzisiaj z konkretnymi projektami ustaw,0,None
"to wszystko jest jakaś komedia, w którą zostaliśmy wprzęgnięci",0,None
"pięć tysięcy każdy podatnik zyska po ustawie wprowadzającej podatek dochodowy, kwotę wolną",2,POS
"służba zdrowia i naukowcy poświęcają często swoje życie po to, żeby stworzyć nową, bezpieczną szczepionkę przeciwko wirusom, w tym, temu, który nas w tej chwili zaatakował",-1,NEG
"obowiązkowe szczepienia to jedyna szansa, żeby w perspektywie roku a może dwóch wirus zniknął",-1,NEG
"dzięki policji i służbom, które muszą izolować zdrowych od chorych ta liczba zakażeń tak gwałtownie nie wzrasta",-3,NEG
"Mirosław Piotrowski kandyduje na urząd Prezydenta Rzeczypospolitej Polskiej, ponieważ prezydent powinien być samodzielny",0,None
Mirosław Piotrowski doskonale orientuje się w polityce wewnętrznej i zewnętrznej,0,None
Mirosław Piotrowski ma piętnastoletnie doświadczenie w pracy na rzecz Polski w Parlamencie Europejskim,0,None
Mirosław Piotrowski jest katolikiem,0,None
Mirosław Piotrowski jest za wydobywaniem potęgi polskiego rolnictwa i nowoczesnych technologii,1,POS
Mirosław Piotrowski jest za współpracą z Polonią i Polakami żyjącymi za granicą naszej ojczyzny,-1,NEG
pytanie o szczepionkę dotyczy naszej wolności,0,None
zaszepieni się zarażą,0,None
"skoro inni się zaszczepili to znaczy, że nie mogą się zarazić",-1,NEG
"skoro inni się zaszczepili to znaczy, że nie mogą się zarazić",-1,NEG
"raz pozwolimy na to, aby rząd zmusił nas na przykład do szczepionki albo jakichś tego typu zachowań, taką nam wolność odebrał",2,POS
"Sam fakt, że będziemy traktowani jak zwierzęta gospodarcze, że można nas zaszczepić siłą albo nie, że można nam dziecko odebrać, zaszczepić. Już sam ten fakt jest straszny, potworny",-2,NEG
nie wyrażamy zgody na zabiegi medyczne,1,POS
według prawa pacjentów mamy wyrażać zgody na zabiegi medyczne,3,POS
"wśród wszystkich tu kandydatów na prezydenta nikt nie powiedział o tym, że prezydent powinien stać na straży praw pacjentów",2,POS
chcecie naprawdę zmiany służby zdrowia,0,None
chcecie naprawdę zmiany służby zdrowia,0,None
"nawet jak ci siedemdziesięciolatkowie politycy pozwolą tutaj czterdziestoletnim kandydatom startować na ten ważny urząd, to nie ukrywajmy, to będą ich chłopcy na posyłki",2,POS
"wprowadzimy szczepionkę, a ona po dwóch, trzech latach da efekty uboczne, które naruszą nie tylko nasze ciało, ale nasza psychikę",0,None
"wprowadzić w ogóle szczepionkę, to potrzebne są długoletnie badania. Minimum pięć lat",1,POS
są tu też wśród nas lekarze i chyba potwierdzą,0,None
"profesor, lekarz odpowiedzialn za koronawirusa na całe województwo w Polsce twierdzi, że mamy już trzy koronawirusy",-1,NEG
po prostu zdrowie to jest najważniejsza rzecz,2,POS
prezydentem powinien być przedsiębiorcą,0,None
To jest dzisiaj sprawa absolutnie fundamentalna,0,None
"Rafał Trzaskowski będzie współpracował z rządem tam, kiedy rząd będzie podejmował decyzje, które wzmocnią Polskę",0,None
"Rafał Trzaskowski nie wyrazi  zgody na łamanie Konstytucji, na uwłaszczenie się na państwie, na próbę zawłaszczenia wszystkich niezależnych instytucji",0,None
"dzisiaj w Polsce potrzebny jest silny prezydent. Taki, który patrzy władzy na ręce. Taki, który zadaje trudne pytania.",0,None
"osiem lat czasu było, żeby naprawić stan polskiej służby zdrowia",-1,NEG
"pieniądze są stąd, że kradzież została zablokowana",-1,NEG
kradzież została zablokowana,-1,NEG
"za rządów Tuska pięćdziesiąt miliardów VAT-u rocznie było kradzione i jakoś wtedy nie byli panowie z rządu Tuska tak odpowiedzialni, żeby temu zapobiec",-1,NEG
"za rządów Tuska, w dwa tysiące piętnastym roku na polską służbę zdrowia wydawane było ponad siedemdziesiąt miliardów złotych, na ochronę zdrowia",2,POS
kradzież została zablokowana,-1,NEG
dzisiaj na polską służbę zdrowia wydawane jest ponad sto cztery miliardy,0,None
"za rządów Tuska, w dwa tysiące piętnastym roku na polską służbę zdrowia wydawane było ponad siedemdziesiąt miliardów złotych, na ochronę zdrowia",2,POS
ludzie boją się o swoje miejsca pracy,1,POS
"przedsiębiorcy boją się o swoje firmy, polskie firmy",0,None
"rząd kompletnie nie panuje nad tym, co się dzieje",-1,NEG
"powstawanie centrum rozwoju to wygeneruje miejsca pracy, tego dzisiaj potrzebujemy, inwestycji tu i teraz",1,POS
"będziemy tkwili w tym zwariowanym świecie, który tutaj skupia się jak w soczewce",0,None
"dać szansę na oddychanie pełną piersią polskim przedsiębiorcom, którzy tworzą miejsca pracy",2,POS
"w polskich domach rozmawia się o problemach związanych ze spadkiem produkcji przemysłowej, sprzedażą, z miejscami pracy, z ratunkiem dla swoich firm, dla swoich rodzin",-2,NEG
nie wolno karać przedsiębiorców,-2,NEG
"doceńmy ludzi ciężkiej pracy, przez kwotę wolną od podatku wyższą",1,POS
Nie możemy na to pozwolić,1,POS
"turystyka w zapaści, brakuje pieniędzy dla samorządów, trzeba dać im bon inwestycyjny, żeby mogli rozpocząć nowe inwestycje",0,None
edukacja niedofinansowana,0,None
"przez podział społeczny, przez konflikty jest zagrożone bezpieczeństwo Polski",-2,NEG
inni kandydaci też zauważyli x,0,None
"Władysława Kosiniaka-Kamysza nie interesuje  PO-PiS-owa wojna, w którą nas wciągają",0,None
"Władysław Kosiniak-Kamysz w różnorodności, szanując różnorodność będzie budował jedność",2,POS
dla Władysława Kosiniaka-Kamysza nie ma ważniejszej sprawy niż przywrócenie w Polsce wspólnoty,1,POS
Władysława Kosiniaka-Kamysza nie interesują spory z przeszłości,-1,NEG
Rzecz x można zrobić tylko we współpracy,0,None
"Jeżeli zdejmiesz obrączkę  z palca, jeżeli ktoś każe ci ją na chwilę zdjąć, to przecież nie znaczy, że unieważniasz swoje małżeństwo",0,None
podobnie jest z politykami,0,None
"Szymon Hołownia nie wyobraża sobie życia w państwie, w którym ojciec Rydzyk przez dziewięć minut udziela reprymendy urzędującemu Prezydentowi Rzeczypospolitej",0,None
"Szymon Hołownia nie wyobraża sobie życia w państwie, w którym ojciec Rydzyk przez dziewięć minut udziela reprymendy urzędującemu Prezydentowi Rzeczypospolitej",0,None
"Szymon Hołownia nie wyobraża sobie życia w państwie, w którym ojciec Rydzyk przez dziewięć minut udziela reprymendy urzędującemu Prezydentowi Rzeczypospolitej",0,None
"Szymon Hołownia nie wyobraża sobie życia w państwie, w którym ojciec Rydzyk przez dziewięć minut udziela reprymendy urzędującemu Prezydentowi Rzeczypospolitej",0,None
"trzeba i Szymon Hołownia zrobi to jako prezydent, zastanowić się nad funduszem kościelnym i pomóc Kościołowi, który najwyraźniej nie potrafi tego zrobić, bezwzględnie i do końca rozliczyć się ze wszystkimi przypadkami pedofilii",0,None
"fikcją jest religia w szkole, która powoduje, że część dzieci, która nie chce uczestniczyć w lekcjach religii, jest stygmatyzowana i tak naprawdę przymuszana do siedzenia w kątach",-2,NEG
"kościół to miejsce dla tych, którzy są katolikami, praktykują, a niekoniecznie szkoła, która powinna być świecka",-1,NEG
wyznawców różnych religii w Polsce jest wielu,-1,NEG
Europa była zakładana przez chrześcijańskich demokratów i o tym trzeba pamiętać,0,None
Mirosław Piotrowski chce betonowej ochrony każdego życia od chwili poczęcia do naturalnej śmierci,0,None
"Mirosław Piotrowski musi powiedzieć, że nie ma większej wartości niż życie ludzkie",3,POS
"Paweł Tanajno chciał też powiedzieć, że bardzo nie podoba mu się to pytanie",0,None
"w kraju jest mnóstwo ważnych problemów, a tematy jak lekcje religii, tematy LGBT uwielbiane przez Jarosława Kaczyńskiego, to jest niestety tylko zasłona dymna przed prawdziwymi problemami Polaków",-2,NEG
"tak, że rodzice mają prawo do wychowywania dzieci zgodnie z własnymi przekonaniami, jest też w polsce z religią",0,None
szacunek dla każdego to jest podstawa funkcjonowania w państwie,1,POS
szacunek dla każdego to jest podstawa funkcjonowania w państwie,1,POS
w większości krajów europejskich lekcje religii odbywają sie w szkołach,0,None
"ci rodzice, którzy chcą posłać dzieci na lekcje religii w szkole, posyłają je, ci którzy nie chcą, nie posyłają",0,None
Andrzej Duda popełnił wielki błąd,0,None
religia w szkołach to nie jest jakiś miraż wielki,1,POS
myślenie nawet o wyrzucaniu religii ze szkoły jest błędem,-1,NEG
będzie tańsze państwo,1,POS
"setki samochodów, setki, tysiące, setki tysięcy urzędników i nic poza tym",0,None
Budujemy lotnisko,0,None
"Po co nam Polska, przecież są Niemcy",0,None
"Słupszczanie dokonali kiedyś zmiany, uwierzyli w nią",1,POS
dzisiaj pora na Polskę,0,None
"wiemy dobrze, że rzeczy, o które walczyliśmy od lat, jak świeckie państwo, jak prawa kobiet, prawa zwierząt czyste powietrze, prawo do mieszkania, prawo do dobrej ochrony zdrowia jest na wyciągnięcie ręki",5,POS
"To od nas będzie zależało, czy dokonamy tej zmiany",1,POS
osoby x przez ostatnie pięć lat budowali Polskę zaściankową,0,None
przede wszystkim jesteśmy narodem ludzi życzliwych,1,POS
"migranci z Ukrainy i Białorusi są między nami, żyją między nami, pracują w naszym kraju",1,POS
Ukraińcy i Białorusini chcą być w naszym kraju,0,None
tylko wtedy będziemy silni i bezpieczni,2,POS
"do tego, by współpracować z Kościołem katolickim zobowiązuje nas nasza tradycja, nasza kultura i solidarność",1,POS
są wciąż obszary objęte wojną,1,POS
"Polska staje się zasiekami stawianymi przez armię amerykańską i PiS prowadzi Polskę na arenę sporu, wojny między Wschodem a Zachodem",0,None
"najważniejsze jest to, żeby tego socjalizmu nie wprowadzać i tym przyjezdnym nie dawać za darmo pieniędzy",1,POS
"brak dostępu do zasiłków, socjali i darmowych usług spowoduje, że nie będą tu się się pchały darmozjady i ci, którzy chcą na zasiłkach żyć",2,POS
"imigranci przyjeżdżają przecież po to, żeby żyć na zasiłkach, a nie po to, żeby pracować",2,POS
"niestety prezydent Duda mówi o wyimaginowanej wspólnocie, o wspólnocie dla naiwniaków",-2,NEG
w Unii Europejskiej jesteśmy piątą potęgą,0,None
"polityka zagraniczna dzisiaj, to przede wszystkim pieniądze na inwestycje, pieniądze dla was",0,None
Trzeba stawiać na polską przedsiębiorczość,0,None
Trzeba stawiać na polską spółdzielczość,0,None
"Trzeba dbać o to, żeby nasze dzieci (a mam dwie córki i dwóch synów) oddychały czystym powietrzem",1,POS
rzecz x to nasza przeszłość i przyszłość,0,None
prezydent nie może być politykiem związanym z partiami,0,None
"prezydent musi w swoim życiu udowodnić, że potrafi być gospodarzem",0,None
", my sami jako Polacy musimy chcieć tej zmiany i musimy w nią uwierzyć",0,None
"obniżony wiek emerytalny, pięćset plus, trzysta plus wyprawki dla dzieci, zerowy podatek dla młodych do dwudziestego szóstego roku życia, mówię o podatku dochodowym",1,POS
dla seniorów trzynasta emerytura i wreszcie godziwe waloryzacje,0,None
Polakom zaczęło się wreszcie żyć lepiej,0,None
bieda wśród dzieci została zredukowana prawie że do minimum,-1,NEG
uderzył w nas koronawirus,0,None
było trudno w gospodarce,0,None
jest szansa na dalszy bardzo pomyślny rozwój,1,POS
"słuchacze znają Andrzeja Dudę z tego, że swoje zobowiązania poważnie traktuję",2,POS
chcemy mieć pensje większe niż Niemcy,1,POS
"by zrobić x należy sprawdzić na stornie Stanisława Żółtka jego program, stanisławżółtek.pl",0,None
"Stanisław Żółtek uroczyście oświadcza, że ułaskawi każdego Polaka, który byłby zagrożony jakimkolwiek wyrokiem w związku z niepłaceniem podatku dochodowego albo CIT albo PIT",0,None
"Stanisław Żółtek uroczyście oświadcza, że ułaskawi każdego Polaka, który byłby zagrożony jakimkolwiek wyrokiem w związku z niepłaceniem podatku dochodowego albo CIT albo PIT",0,None
"Polska na tym w tej chwili nie tylko traci, ale będzie traciła coraz więcej",-2,NEG
to potworne zbiurokratyzowanie Polski,0,None
to  jest plan praktycznie wydłubania z Polski całej forsy zwykłym wydłubywaniem złota z powietrza,1,POS
"opłata za dwutlenek węgla, no to co nam się szykuje to jest jakiś horror istny",0,None
"pięćset plus, kolejne tysiąc plus, pięć tysięcy plus",1,POS
bony turystyczne,0,None
"Stanisław Żółtkowi strach zaproponować rządowi, żeby może przypomnieli, że są budki od piwa, że może menelowe plus by jeszcze dorzucili",0,None
też to są głosy wyborcze,0,None
"ambulatoryjna opieka specjalistyczna i profilaktyka są inwestycją w to, żeby za kilka lat mniej zapłacić za szpital, który jest najdroższą częścią tego systemu",0,None
"nie może pensja medyka czy to lekarz czy pielęgniarka, czy ratownik medyczny, czy diagnosta, czy fizjoterapeuta wyglądać tak, jak w tej chwili",-1,NEG
kwestia ochrony zdrowia to kwestia naszego bezpieczeństwa,1,POS
kwestia ochrony zdrowia to kwestia naszego bezpieczeństwa,1,POS
"jak ważnym problemem jest kwestia ochrony zdrowia, pokazała trwająca epidemia koronawirusa",0,None
"zalew imigrantów spowoduje, że Europa zatraci swoją esencję kulturową",0,None
trzeba wyjaśnić do końca sprawę cztery cztery siedem – trzystu miliardów dolarów,0,None
"to, że Mirosław Piotrowski opowiadał się za tym, aby Unia Europejska stała na tej podwalinie chrześcijańskiej nie oznacza, że Polska nie powinna prowadzić aktywnej polityki transatlantyckiej",1,POS
program przymusowej relokacji uchodźców został odrzucony po szerokich społecznych protestach,-3,NEG
przez ostatnie kilka lat populacja muzułmanów w Polsce uległa podwojeniu,-1,NEG
obecny rząd operuje cynicznie hasłami antymigracyjnymi,0,None
W innych sprawach w polityce zagranicznej musimy dumnie bronić swoich interesów narodowych,0,None
"Rząd Prawa i Sprawiedliwości doprowadził do tego i polityka prezydenta Dudy, że w Unii Europejskiej nikt nie chce z nami rozmawiać",2,POS
w kwestiach związanych z imigrantami decydują wszystkie kraje Unii Europejskiej wspólnotowo,0,None
"Polska zawsze była silna, kiedy była otwarta, kiedy była tolerancyjna, kiedy była wspólnotą, a słaba, kiedy jest podzielona",1,POS
"Obojętnie czy ktoś się urodził w Afryce, w Azji czy w Europie, jest takim samym człowiekiem jak my, Polacy",0,None
"uchodźcy mają dzieci, których nie mogą wychować, kobiety głodujące, niemogące wykarmić swoich dzieci",0,None
"jeżeli my chcemy w ogóle mieć wpływ na decyzje nas dotyczące, podejmowane w Unii Europejskiej, to musimy odnowić pozycję Polski w tejże Unii",0,None
"jeżeli my chcemy w ogóle mieć wpływ na decyzje nas dotyczące, podejmowane w Unii Europejskiej, to musimy odnowić pozycję Polski w tejże Unii",0,None
"na pewno nie jest Polska od tego, żeby pomagać Angeli Merkel w jej słynnym „Willkommen”",2,POS
polskie prawo dopuszcza sytuacje spadku między partnerami bez małżeństwa,-1,NEG
"postuluję od dawna, aby wrócić dawną emeryturę nauczycielską",0,None
"nikt z polityków odważnie nie mówi, że demografia, wzrost demograficzny o który jest oparty system ZUS upada i nasze emerytury są zagrożone",0,None
"ja zaproponowałem zmianę systemu naliczania emerytur i powiązanie jej z naszym dobrobytem, z naszym bogactwem",2,POS
"jednocześnie eksperci, którzy pracują dla Pawła Tanajno, wyliczyli, że jeżeli uruchomimy gospodarkę, jesteśmy w stanie obniżyć wiek emerytalny do pięćdziesięciu siedmiu lat dla kobiet i mężczyzn",1,POS
trzeba dzisiaj wyrównywać szanse,0,None
"Platforma Obywatelska i PIS doprowadzili do tego, że pielęgniarka z Krakowa, która pracowała ponad dwieście godzin, dostała cztery złote dwadzieścia pięć groszy dodatku",2,POS
"osoby heteroseksualne mogą spadek sobie przekazywać, mogą dowiadywać się informacji w szpitalu nawzajem",-1,NEG
"osoby homoseksualne nie mogą spadku sobie przekazywać, nie mogą dowiadywać się informacji w szpitalu nawzajem",-1,NEG
"polskim rodzinom zagraża dzisiaj brak żłobków, brak możliwości sprawnego powrotu do pracy po urlopie macierzyńskim",-3,NEG
"polskim rodzinom zagraża wykluczenie komunikacyjne, które dotyka czternaście milionów Polaków",-2,NEG
"ponad milion bezrobotnych, dzisiaj kolejne pięćset przypadków zarażenia koronawirusem, kryzys w ochronie zdrowia",0,None
prawo par homoseksualnych do małżeństwa i adopcji dzieci rozstrzygaliśmy już dziesięć razy,1,POS
"Paweł Tanajno śmieszy wypowiedź Pana Andrzeja, który mówi, że wypłaty wyższe będą warunkiem przyjęcia euro",0,None
"jak Paweł Tanajno słyszy rozmowy polityków o gospodarce, to ma wrażenie, że nie szanują inteligencji widzów",2,POS
"to są ludzie, którzy nie mają zielonego pojęcia o przedsiębiorczości, a pchają się do zarządzania państwem",-1,NEG
"musicie mieć państwo świadomość, że jeżeli dzisiaj pracodawca wypłaca dwa tysiące na rękę",0,None
kolejne siedemset złotych wypracowanych pieniędzy musi oddać tym ludziom i oni tracą,1,POS
wystarczy nie kraść,0,None
"trzydziestu lat w Polsce nie postawiono tych budowli społecznych, które miał postawić i PiS i Platforma i inni, którzy rządzili",0,None
gdzie jest ochrona zdrowia na miarę XXI wieku,1,POS
gdzie jest edukacja na miarę XXI wieku,0,None
"gdzie wreszcie poważna rozmowa o tym, jak przeprowadzić zieloną transformację i chronić górników, a nie kopalnie",0,None
najważniejszy będzie inny problem,0,None
"w programie gospodarki na przyszłość Szymon Hołownia powiedziałem wprost, że w ciągu pięciu miesięcy pierwszych urzędowania, złożę piec ustaw",2,POS
ponad tysiąc lat temu umownie wstąpiliśmy do Europy,0,None
kilkanaście lat temu ponownie wstąpiliśmy do Unii Europejskiej,0,None
"płace wzrosną, jeżeli będziemy mieć ten sam, tą samą walutę w całej Unii Europejskiej",0,None
"na czym mi zależy i Unii Pracy, żeby płace w Polsce wzrosły",1,POS
do przyjęcia rubli doprowadzą rządy Andrzeja Dudy i PiS,0,None
Polską nadal będzie rządził prezydent Duda i PiS,0,None
"PiS i PO obrażają się nawzajem, kłócą się, kto się zamieni stołkami",0,None
PiSi PO nie zajmują się zdobywaniem funduszy dla Polski,0,None
dla Polek i Polaków niewiele się zmienia,0,None
"Robert Biedroń zaproponował plan odbudowy Polski, dwieście osiemdziesiąt miliardów złotych, które trafią do naszego kraju jako inwestycje w ramach wielkiego planu Marshalla dla Europy",2,POS
to będzie przyszłość dla Polski,0,None
"to są realne środki, które powinny trafić do Polski na budowę tanich mieszkań, na wynajem dwa miliony paneli fotowoltaicznych",1,POS
"o euro, religię, imigrantów, LGBT, szczepionki",0,None
"Podział x będzie większy gdy, zagłosują państwo na prezydenta Trzaskowskiego lub  zagłosują państwo na prezydenta Dudę",0,None
"nasz polski złoty jest walutą, która już dwukrotnie świetnie nas ochroniła w czasach kryzysu",0,None
